INFO - 2023-11-13 00:55:07 --> Session: Class initialized using 'CodeIgniter\Session\Handlers\FileHandler' driver.
INFO - 2023-11-13 00:55:13 --> Session: Class initialized using 'CodeIgniter\Session\Handlers\FileHandler' driver.
INFO - 2023-11-13 01:08:42 --> Session: Class initialized using 'CodeIgniter\Session\Handlers\FileHandler' driver.
INFO - 2023-11-13 01:09:03 --> Session: Class initialized using 'CodeIgniter\Session\Handlers\FileHandler' driver.
INFO - 2023-11-13 01:11:13 --> Session: Class initialized using 'CodeIgniter\Session\Handlers\FileHandler' driver.
INFO - 2023-11-13 01:12:36 --> Session: Class initialized using 'CodeIgniter\Session\Handlers\FileHandler' driver.
INFO - 2023-11-13 01:13:06 --> Session: Class initialized using 'CodeIgniter\Session\Handlers\FileHandler' driver.
INFO - 2023-11-13 01:49:51 --> Session: Class initialized using 'CodeIgniter\Session\Handlers\FileHandler' driver.
INFO - 2023-11-13 01:50:19 --> Session: Class initialized using 'CodeIgniter\Session\Handlers\FileHandler' driver.
INFO - 2023-11-13 02:16:49 --> Session: Class initialized using 'CodeIgniter\Session\Handlers\FileHandler' driver.
INFO - 2023-11-13 02:19:14 --> Session: Class initialized using 'CodeIgniter\Session\Handlers\FileHandler' driver.
INFO - 2023-11-13 02:19:53 --> Session: Class initialized using 'CodeIgniter\Session\Handlers\FileHandler' driver.
INFO - 2023-11-13 02:21:21 --> Session: Class initialized using 'CodeIgniter\Session\Handlers\FileHandler' driver.
INFO - 2023-11-13 02:23:14 --> Session: Class initialized using 'CodeIgniter\Session\Handlers\FileHandler' driver.
INFO - 2023-11-13 02:25:35 --> Session: Class initialized using 'CodeIgniter\Session\Handlers\FileHandler' driver.
INFO - 2023-11-13 02:26:08 --> Session: Class initialized using 'CodeIgniter\Session\Handlers\FileHandler' driver.
INFO - 2023-11-13 02:27:34 --> Session: Class initialized using 'CodeIgniter\Session\Handlers\FileHandler' driver.
INFO - 2023-11-13 02:28:46 --> Session: Class initialized using 'CodeIgniter\Session\Handlers\FileHandler' driver.
CRITICAL - 2023-11-13 02:41:55 --> CURL Error: Could not resolve host: app.sandbox.midtrans.com
in VENDORPATH\midtrans\midtrans-php\Midtrans\ApiRequestor.php on line 156.
 1 VENDORPATH\midtrans\midtrans-php\Midtrans\ApiRequestor.php(39): Midtrans\ApiRequestor::remoteCall('https://app.sandbox.midtrans.com/snap/v1/transactions', 'SB-Mid-server-sPYxOO1Bzr0sIJU6iVAJ0FWB', [...], 'POST')
 2 VENDORPATH\midtrans\midtrans-php\Midtrans\Snap.php(109): Midtrans\ApiRequestor::post('https://app.sandbox.midtrans.com/snap/v1/transactions', 'SB-Mid-server-sPYxOO1Bzr0sIJU6iVAJ0FWB', [...])
 3 VENDORPATH\midtrans\midtrans-php\Midtrans\Snap.php(36): Midtrans\Snap::createTransaction([...])
 4 APPPATH\Controllers\FrontEnd.php(36): Midtrans\Snap::getSnapToken([...])
 5 SYSTEMPATH\CodeIgniter.php(942): App\Controllers\FrontEnd->home()
 6 SYSTEMPATH\CodeIgniter.php(502): CodeIgniter\CodeIgniter->runController(Object(App\Controllers\FrontEnd))
 7 SYSTEMPATH\CodeIgniter.php(361): CodeIgniter\CodeIgniter->handleRequest(null, Object(Config\Cache), false)
 8 FCPATH\index.php(79): CodeIgniter\CodeIgniter->run()
 9 SYSTEMPATH\Commands\Server\rewrite.php(47): require_once('C:\\xampp\\htdocs\\commerce\\public\\index.php')
INFO - 2023-11-13 02:42:15 --> Session: Class initialized using 'CodeIgniter\Session\Handlers\FileHandler' driver.
INFO - 2023-11-13 02:42:25 --> Session: Class initialized using 'CodeIgniter\Session\Handlers\FileHandler' driver.
INFO - 2023-11-13 02:50:21 --> Session: Class initialized using 'CodeIgniter\Session\Handlers\FileHandler' driver.
INFO - 2023-11-13 02:50:54 --> Session: Class initialized using 'CodeIgniter\Session\Handlers\FileHandler' driver.
INFO - 2023-11-13 02:51:10 --> Session: Class initialized using 'CodeIgniter\Session\Handlers\FileHandler' driver.
INFO - 2023-11-13 02:51:16 --> Session: Class initialized using 'CodeIgniter\Session\Handlers\FileHandler' driver.
INFO - 2023-11-13 02:57:40 --> Session: Class initialized using 'CodeIgniter\Session\Handlers\FileHandler' driver.
ERROR - 2023-11-13 02:57:47 --> mysqli_sql_exception: Unknown column 'keranjang.id' in 'where clause' in C:\xampp\htdocs\commerce\system\Database\MySQLi\Connection.php:306
Stack trace:
#0 C:\xampp\htdocs\commerce\system\Database\MySQLi\Connection.php(306): mysqli->query('SELECT *\nFROM `...', 0)
#1 C:\xampp\htdocs\commerce\system\Database\BaseConnection.php(693): CodeIgniter\Database\MySQLi\Connection->execute('SELECT *\nFROM `...')
#2 C:\xampp\htdocs\commerce\system\Database\BaseConnection.php(607): CodeIgniter\Database\BaseConnection->simpleQuery('SELECT *\nFROM `...')
#3 C:\xampp\htdocs\commerce\system\Database\BaseBuilder.php(1615): CodeIgniter\Database\BaseConnection->query('SELECT *\nFROM `...', Array, false)
#4 C:\xampp\htdocs\commerce\system\Model.php(196): CodeIgniter\Database\BaseBuilder->get()
#5 C:\xampp\htdocs\commerce\system\BaseModel.php(563): CodeIgniter\Model->doFind(true, '486720970')
#6 C:\xampp\htdocs\commerce\app\Controllers\Keranjang.php(46): CodeIgniter\BaseModel->find('486720970')
#7 C:\xampp\htdocs\commerce\system\CodeIgniter.php(942): App\Controllers\Keranjang->edit()
#8 C:\xampp\htdocs\commerce\system\CodeIgniter.php(502): CodeIgniter\CodeIgniter->runController(Object(App\Controllers\Keranjang))
#9 C:\xampp\htdocs\commerce\system\CodeIgniter.php(361): CodeIgniter\CodeIgniter->handleRequest(NULL, Object(Config\Cache), false)
#10 C:\xampp\htdocs\commerce\public\index.php(79): CodeIgniter\CodeIgniter->run()
#11 C:\xampp\htdocs\commerce\system\Commands\Server\rewrite.php(47): require_once('C:\\xampp\\htdocs...')
#12 {main}
CRITICAL - 2023-11-13 02:57:47 --> Unknown column 'keranjang.id' in 'where clause'
in SYSTEMPATH\Database\BaseConnection.php on line 647.
 1 SYSTEMPATH\Database\BaseBuilder.php(1615): CodeIgniter\Database\BaseConnection->query('SELECT *
FROM `keranjang`
WHERE `keranjang`.`id` = :keranjang.id:', [...], false)
 2 SYSTEMPATH\Model.php(196): CodeIgniter\Database\BaseBuilder->get()
 3 SYSTEMPATH\BaseModel.php(563): CodeIgniter\Model->doFind(true, '486720970')
 4 APPPATH\Controllers\Keranjang.php(46): CodeIgniter\BaseModel->find('486720970')
 5 SYSTEMPATH\CodeIgniter.php(942): App\Controllers\Keranjang->edit()
 6 SYSTEMPATH\CodeIgniter.php(502): CodeIgniter\CodeIgniter->runController(Object(App\Controllers\Keranjang))
 7 SYSTEMPATH\CodeIgniter.php(361): CodeIgniter\CodeIgniter->handleRequest(null, Object(Config\Cache), false)
 8 FCPATH\index.php(79): CodeIgniter\CodeIgniter->run()
 9 SYSTEMPATH\Commands\Server\rewrite.php(47): require_once('C:\\xampp\\htdocs\\commerce\\public\\index.php')
INFO - 2023-11-13 02:59:46 --> Session: Class initialized using 'CodeIgniter\Session\Handlers\FileHandler' driver.
ERROR - 2023-11-13 02:59:50 --> mysqli_sql_exception: Unknown column 'keranjang.id' in 'where clause' in C:\xampp\htdocs\commerce\system\Database\MySQLi\Connection.php:306
Stack trace:
#0 C:\xampp\htdocs\commerce\system\Database\MySQLi\Connection.php(306): mysqli->query('SELECT *\nFROM `...', 0)
#1 C:\xampp\htdocs\commerce\system\Database\BaseConnection.php(693): CodeIgniter\Database\MySQLi\Connection->execute('SELECT *\nFROM `...')
#2 C:\xampp\htdocs\commerce\system\Database\BaseConnection.php(607): CodeIgniter\Database\BaseConnection->simpleQuery('SELECT *\nFROM `...')
#3 C:\xampp\htdocs\commerce\system\Database\BaseBuilder.php(1615): CodeIgniter\Database\BaseConnection->query('SELECT *\nFROM `...', Array, false)
#4 C:\xampp\htdocs\commerce\system\Model.php(196): CodeIgniter\Database\BaseBuilder->get()
#5 C:\xampp\htdocs\commerce\system\BaseModel.php(563): CodeIgniter\Model->doFind(true, '486720970')
#6 C:\xampp\htdocs\commerce\app\Controllers\Keranjang.php(46): CodeIgniter\BaseModel->find('486720970')
#7 C:\xampp\htdocs\commerce\system\CodeIgniter.php(942): App\Controllers\Keranjang->edit()
#8 C:\xampp\htdocs\commerce\system\CodeIgniter.php(502): CodeIgniter\CodeIgniter->runController(Object(App\Controllers\Keranjang))
#9 C:\xampp\htdocs\commerce\system\CodeIgniter.php(361): CodeIgniter\CodeIgniter->handleRequest(NULL, Object(Config\Cache), false)
#10 C:\xampp\htdocs\commerce\public\index.php(79): CodeIgniter\CodeIgniter->run()
#11 C:\xampp\htdocs\commerce\system\Commands\Server\rewrite.php(47): require_once('C:\\xampp\\htdocs...')
#12 {main}
CRITICAL - 2023-11-13 02:59:50 --> Unknown column 'keranjang.id' in 'where clause'
in SYSTEMPATH\Database\BaseConnection.php on line 647.
 1 SYSTEMPATH\Database\BaseBuilder.php(1615): CodeIgniter\Database\BaseConnection->query('SELECT *
FROM `keranjang`
WHERE `keranjang`.`id` = :keranjang.id:', [...], false)
 2 SYSTEMPATH\Model.php(196): CodeIgniter\Database\BaseBuilder->get()
 3 SYSTEMPATH\BaseModel.php(563): CodeIgniter\Model->doFind(true, '486720970')
 4 APPPATH\Controllers\Keranjang.php(46): CodeIgniter\BaseModel->find('486720970')
 5 SYSTEMPATH\CodeIgniter.php(942): App\Controllers\Keranjang->edit()
 6 SYSTEMPATH\CodeIgniter.php(502): CodeIgniter\CodeIgniter->runController(Object(App\Controllers\Keranjang))
 7 SYSTEMPATH\CodeIgniter.php(361): CodeIgniter\CodeIgniter->handleRequest(null, Object(Config\Cache), false)
 8 FCPATH\index.php(79): CodeIgniter\CodeIgniter->run()
 9 SYSTEMPATH\Commands\Server\rewrite.php(47): require_once('C:\\xampp\\htdocs\\commerce\\public\\index.php')
INFO - 2023-11-13 03:00:44 --> Session: Class initialized using 'CodeIgniter\Session\Handlers\FileHandler' driver.
INFO - 2023-11-13 03:00:54 --> Session: Class initialized using 'CodeIgniter\Session\Handlers\FileHandler' driver.
ERROR - 2023-11-13 03:00:56 --> mysqli_sql_exception: Unknown column 'keranjang.id' in 'where clause' in C:\xampp\htdocs\commerce\system\Database\MySQLi\Connection.php:306
Stack trace:
#0 C:\xampp\htdocs\commerce\system\Database\MySQLi\Connection.php(306): mysqli->query('SELECT *\nFROM `...', 0)
#1 C:\xampp\htdocs\commerce\system\Database\BaseConnection.php(693): CodeIgniter\Database\MySQLi\Connection->execute('SELECT *\nFROM `...')
#2 C:\xampp\htdocs\commerce\system\Database\BaseConnection.php(607): CodeIgniter\Database\BaseConnection->simpleQuery('SELECT *\nFROM `...')
#3 C:\xampp\htdocs\commerce\system\Database\BaseBuilder.php(1615): CodeIgniter\Database\BaseConnection->query('SELECT *\nFROM `...', Array, false)
#4 C:\xampp\htdocs\commerce\system\Model.php(196): CodeIgniter\Database\BaseBuilder->get()
#5 C:\xampp\htdocs\commerce\system\BaseModel.php(563): CodeIgniter\Model->doFind(true, '486720970')
#6 C:\xampp\htdocs\commerce\app\Controllers\Keranjang.php(46): CodeIgniter\BaseModel->find('486720970')
#7 C:\xampp\htdocs\commerce\system\CodeIgniter.php(942): App\Controllers\Keranjang->edit()
#8 C:\xampp\htdocs\commerce\system\CodeIgniter.php(502): CodeIgniter\CodeIgniter->runController(Object(App\Controllers\Keranjang))
#9 C:\xampp\htdocs\commerce\system\CodeIgniter.php(361): CodeIgniter\CodeIgniter->handleRequest(NULL, Object(Config\Cache), false)
#10 C:\xampp\htdocs\commerce\public\index.php(79): CodeIgniter\CodeIgniter->run()
#11 C:\xampp\htdocs\commerce\system\Commands\Server\rewrite.php(47): require_once('C:\\xampp\\htdocs...')
#12 {main}
CRITICAL - 2023-11-13 03:00:56 --> Unknown column 'keranjang.id' in 'where clause'
in SYSTEMPATH\Database\BaseConnection.php on line 647.
 1 SYSTEMPATH\Database\BaseBuilder.php(1615): CodeIgniter\Database\BaseConnection->query('SELECT *
FROM `keranjang`
WHERE `keranjang`.`id` = :keranjang.id:', [...], false)
 2 SYSTEMPATH\Model.php(196): CodeIgniter\Database\BaseBuilder->get()
 3 SYSTEMPATH\BaseModel.php(563): CodeIgniter\Model->doFind(true, '486720970')
 4 APPPATH\Controllers\Keranjang.php(46): CodeIgniter\BaseModel->find('486720970')
 5 SYSTEMPATH\CodeIgniter.php(942): App\Controllers\Keranjang->edit()
 6 SYSTEMPATH\CodeIgniter.php(502): CodeIgniter\CodeIgniter->runController(Object(App\Controllers\Keranjang))
 7 SYSTEMPATH\CodeIgniter.php(361): CodeIgniter\CodeIgniter->handleRequest(null, Object(Config\Cache), false)
 8 FCPATH\index.php(79): CodeIgniter\CodeIgniter->run()
 9 SYSTEMPATH\Commands\Server\rewrite.php(47): require_once('C:\\xampp\\htdocs\\commerce\\public\\index.php')
INFO - 2023-11-13 03:01:58 --> Session: Class initialized using 'CodeIgniter\Session\Handlers\FileHandler' driver.
INFO - 2023-11-13 03:09:32 --> Session: Class initialized using 'CodeIgniter\Session\Handlers\FileHandler' driver.
INFO - 2023-11-13 03:10:17 --> Session: Class initialized using 'CodeIgniter\Session\Handlers\FileHandler' driver.
CRITICAL - 2023-11-13 03:11:30 --> syntax error, unexpected '}', expecting ';' or ','
in APPPATH\Controllers\Keranjang.php on line 45.
 1 SYSTEMPATH\Autoloader\Autoloader.php(291): CodeIgniter\Autoloader\Autoloader->includeFile('C:\\xampp\\htdocs\\commerce\\app\\Controllers\\Keranjang.php')
 2 SYSTEMPATH\Autoloader\Autoloader.php(269): CodeIgniter\Autoloader\Autoloader->loadInNamespace('App\\Controllers\\Keranjang')
 3 [internal function]: CodeIgniter\Autoloader\Autoloader->loadClass('App\\Controllers\\Keranjang')
 4 [internal function]: spl_autoload_call('App\\Controllers\\Keranjang')
 5 SYSTEMPATH\CodeIgniter.php(900): class_exists('\\App\\Controllers\\Keranjang', true)
 6 SYSTEMPATH\CodeIgniter.php(489): CodeIgniter\CodeIgniter->startController()
 7 SYSTEMPATH\CodeIgniter.php(361): CodeIgniter\CodeIgniter->handleRequest(null, Object(Config\Cache), false)
 8 FCPATH\index.php(79): CodeIgniter\CodeIgniter->run()
 9 SYSTEMPATH\Commands\Server\rewrite.php(47): require_once('C:\\xampp\\htdocs\\commerce\\public\\index.php')
INFO - 2023-11-13 03:11:38 --> Session: Class initialized using 'CodeIgniter\Session\Handlers\FileHandler' driver.
INFO - 2023-11-13 03:18:40 --> Session: Class initialized using 'CodeIgniter\Session\Handlers\FileHandler' driver.
ERROR - 2023-11-13 03:18:45 --> mysqli_sql_exception: Unknown column 'keranjang.id' in 'where clause' in C:\xampp\htdocs\commerce\system\Database\MySQLi\Connection.php:306
Stack trace:
#0 C:\xampp\htdocs\commerce\system\Database\MySQLi\Connection.php(306): mysqli->query('SELECT *\nFROM `...', 0)
#1 C:\xampp\htdocs\commerce\system\Database\BaseConnection.php(693): CodeIgniter\Database\MySQLi\Connection->execute('SELECT *\nFROM `...')
#2 C:\xampp\htdocs\commerce\system\Database\BaseConnection.php(607): CodeIgniter\Database\BaseConnection->simpleQuery('SELECT *\nFROM `...')
#3 C:\xampp\htdocs\commerce\system\Database\BaseBuilder.php(1615): CodeIgniter\Database\BaseConnection->query('SELECT *\nFROM `...', Array, false)
#4 C:\xampp\htdocs\commerce\system\Model.php(196): CodeIgniter\Database\BaseBuilder->get()
#5 C:\xampp\htdocs\commerce\system\BaseModel.php(563): CodeIgniter\Model->doFind(true, '486720970')
#6 C:\xampp\htdocs\commerce\app\Controllers\Keranjang.php(46): CodeIgniter\BaseModel->find('486720970')
#7 C:\xampp\htdocs\commerce\system\CodeIgniter.php(942): App\Controllers\Keranjang->edit()
#8 C:\xampp\htdocs\commerce\system\CodeIgniter.php(502): CodeIgniter\CodeIgniter->runController(Object(App\Controllers\Keranjang))
#9 C:\xampp\htdocs\commerce\system\CodeIgniter.php(361): CodeIgniter\CodeIgniter->handleRequest(NULL, Object(Config\Cache), false)
#10 C:\xampp\htdocs\commerce\public\index.php(79): CodeIgniter\CodeIgniter->run()
#11 C:\xampp\htdocs\commerce\system\Commands\Server\rewrite.php(47): require_once('C:\\xampp\\htdocs...')
#12 {main}
CRITICAL - 2023-11-13 03:18:45 --> Unknown column 'keranjang.id' in 'where clause'
in SYSTEMPATH\Database\BaseConnection.php on line 647.
 1 SYSTEMPATH\Database\BaseBuilder.php(1615): CodeIgniter\Database\BaseConnection->query('SELECT *
FROM `keranjang`
WHERE `keranjang`.`id` = :keranjang.id:', [...], false)
 2 SYSTEMPATH\Model.php(196): CodeIgniter\Database\BaseBuilder->get()
 3 SYSTEMPATH\BaseModel.php(563): CodeIgniter\Model->doFind(true, '486720970')
 4 APPPATH\Controllers\Keranjang.php(46): CodeIgniter\BaseModel->find('486720970')
 5 SYSTEMPATH\CodeIgniter.php(942): App\Controllers\Keranjang->edit()
 6 SYSTEMPATH\CodeIgniter.php(502): CodeIgniter\CodeIgniter->runController(Object(App\Controllers\Keranjang))
 7 SYSTEMPATH\CodeIgniter.php(361): CodeIgniter\CodeIgniter->handleRequest(null, Object(Config\Cache), false)
 8 FCPATH\index.php(79): CodeIgniter\CodeIgniter->run()
 9 SYSTEMPATH\Commands\Server\rewrite.php(47): require_once('C:\\xampp\\htdocs\\commerce\\public\\index.php')
INFO - 2023-11-13 03:19:06 --> Session: Class initialized using 'CodeIgniter\Session\Handlers\FileHandler' driver.
ERROR - 2023-11-13 03:19:10 --> mysqli_sql_exception: Unknown column 'keranjang.id' in 'where clause' in C:\xampp\htdocs\commerce\system\Database\MySQLi\Connection.php:306
Stack trace:
#0 C:\xampp\htdocs\commerce\system\Database\MySQLi\Connection.php(306): mysqli->query('SELECT *\nFROM `...', 0)
#1 C:\xampp\htdocs\commerce\system\Database\BaseConnection.php(693): CodeIgniter\Database\MySQLi\Connection->execute('SELECT *\nFROM `...')
#2 C:\xampp\htdocs\commerce\system\Database\BaseConnection.php(607): CodeIgniter\Database\BaseConnection->simpleQuery('SELECT *\nFROM `...')
#3 C:\xampp\htdocs\commerce\system\Database\BaseBuilder.php(1615): CodeIgniter\Database\BaseConnection->query('SELECT *\nFROM `...', Array, false)
#4 C:\xampp\htdocs\commerce\system\Model.php(196): CodeIgniter\Database\BaseBuilder->get()
#5 C:\xampp\htdocs\commerce\system\BaseModel.php(563): CodeIgniter\Model->doFind(true, '486720970')
#6 C:\xampp\htdocs\commerce\app\Controllers\Keranjang.php(46): CodeIgniter\BaseModel->find('486720970')
#7 C:\xampp\htdocs\commerce\system\CodeIgniter.php(942): App\Controllers\Keranjang->edit()
#8 C:\xampp\htdocs\commerce\system\CodeIgniter.php(502): CodeIgniter\CodeIgniter->runController(Object(App\Controllers\Keranjang))
#9 C:\xampp\htdocs\commerce\system\CodeIgniter.php(361): CodeIgniter\CodeIgniter->handleRequest(NULL, Object(Config\Cache), false)
#10 C:\xampp\htdocs\commerce\public\index.php(79): CodeIgniter\CodeIgniter->run()
#11 C:\xampp\htdocs\commerce\system\Commands\Server\rewrite.php(47): require_once('C:\\xampp\\htdocs...')
#12 {main}
CRITICAL - 2023-11-13 03:19:10 --> Unknown column 'keranjang.id' in 'where clause'
in SYSTEMPATH\Database\BaseConnection.php on line 647.
 1 SYSTEMPATH\Database\BaseBuilder.php(1615): CodeIgniter\Database\BaseConnection->query('SELECT *
FROM `keranjang`
WHERE `keranjang`.`id` = :keranjang.id:', [...], false)
 2 SYSTEMPATH\Model.php(196): CodeIgniter\Database\BaseBuilder->get()
 3 SYSTEMPATH\BaseModel.php(563): CodeIgniter\Model->doFind(true, '486720970')
 4 APPPATH\Controllers\Keranjang.php(46): CodeIgniter\BaseModel->find('486720970')
 5 SYSTEMPATH\CodeIgniter.php(942): App\Controllers\Keranjang->edit()
 6 SYSTEMPATH\CodeIgniter.php(502): CodeIgniter\CodeIgniter->runController(Object(App\Controllers\Keranjang))
 7 SYSTEMPATH\CodeIgniter.php(361): CodeIgniter\CodeIgniter->handleRequest(null, Object(Config\Cache), false)
 8 FCPATH\index.php(79): CodeIgniter\CodeIgniter->run()
 9 SYSTEMPATH\Commands\Server\rewrite.php(47): require_once('C:\\xampp\\htdocs\\commerce\\public\\index.php')
ERROR - 2023-11-13 03:19:14 --> mysqli_sql_exception: Unknown column 'keranjang.id' in 'where clause' in C:\xampp\htdocs\commerce\system\Database\MySQLi\Connection.php:306
Stack trace:
#0 C:\xampp\htdocs\commerce\system\Database\MySQLi\Connection.php(306): mysqli->query('SELECT *\nFROM `...', 0)
#1 C:\xampp\htdocs\commerce\system\Database\BaseConnection.php(693): CodeIgniter\Database\MySQLi\Connection->execute('SELECT *\nFROM `...')
#2 C:\xampp\htdocs\commerce\system\Database\BaseConnection.php(607): CodeIgniter\Database\BaseConnection->simpleQuery('SELECT *\nFROM `...')
#3 C:\xampp\htdocs\commerce\system\Database\BaseBuilder.php(1615): CodeIgniter\Database\BaseConnection->query('SELECT *\nFROM `...', Array, false)
#4 C:\xampp\htdocs\commerce\system\Model.php(196): CodeIgniter\Database\BaseBuilder->get()
#5 C:\xampp\htdocs\commerce\system\BaseModel.php(563): CodeIgniter\Model->doFind(true, '486720970')
#6 C:\xampp\htdocs\commerce\app\Controllers\Keranjang.php(46): CodeIgniter\BaseModel->find('486720970')
#7 C:\xampp\htdocs\commerce\system\CodeIgniter.php(942): App\Controllers\Keranjang->edit()
#8 C:\xampp\htdocs\commerce\system\CodeIgniter.php(502): CodeIgniter\CodeIgniter->runController(Object(App\Controllers\Keranjang))
#9 C:\xampp\htdocs\commerce\system\CodeIgniter.php(361): CodeIgniter\CodeIgniter->handleRequest(NULL, Object(Config\Cache), false)
#10 C:\xampp\htdocs\commerce\public\index.php(79): CodeIgniter\CodeIgniter->run()
#11 C:\xampp\htdocs\commerce\system\Commands\Server\rewrite.php(47): require_once('C:\\xampp\\htdocs...')
#12 {main}
CRITICAL - 2023-11-13 03:19:14 --> Unknown column 'keranjang.id' in 'where clause'
in SYSTEMPATH\Database\BaseConnection.php on line 647.
 1 SYSTEMPATH\Database\BaseBuilder.php(1615): CodeIgniter\Database\BaseConnection->query('SELECT *
FROM `keranjang`
WHERE `keranjang`.`id` = :keranjang.id:', [...], false)
 2 SYSTEMPATH\Model.php(196): CodeIgniter\Database\BaseBuilder->get()
 3 SYSTEMPATH\BaseModel.php(563): CodeIgniter\Model->doFind(true, '486720970')
 4 APPPATH\Controllers\Keranjang.php(46): CodeIgniter\BaseModel->find('486720970')
 5 SYSTEMPATH\CodeIgniter.php(942): App\Controllers\Keranjang->edit()
 6 SYSTEMPATH\CodeIgniter.php(502): CodeIgniter\CodeIgniter->runController(Object(App\Controllers\Keranjang))
 7 SYSTEMPATH\CodeIgniter.php(361): CodeIgniter\CodeIgniter->handleRequest(null, Object(Config\Cache), false)
 8 FCPATH\index.php(79): CodeIgniter\CodeIgniter->run()
 9 SYSTEMPATH\Commands\Server\rewrite.php(47): require_once('C:\\xampp\\htdocs\\commerce\\public\\index.php')
INFO - 2023-11-13 03:24:12 --> Session: Class initialized using 'CodeIgniter\Session\Handlers\FileHandler' driver.
ERROR - 2023-11-13 03:24:15 --> mysqli_sql_exception: Unknown column 'keranjang.id' in 'where clause' in C:\xampp\htdocs\commerce\system\Database\MySQLi\Connection.php:306
Stack trace:
#0 C:\xampp\htdocs\commerce\system\Database\MySQLi\Connection.php(306): mysqli->query('SELECT *\nFROM `...', 0)
#1 C:\xampp\htdocs\commerce\system\Database\BaseConnection.php(693): CodeIgniter\Database\MySQLi\Connection->execute('SELECT *\nFROM `...')
#2 C:\xampp\htdocs\commerce\system\Database\BaseConnection.php(607): CodeIgniter\Database\BaseConnection->simpleQuery('SELECT *\nFROM `...')
#3 C:\xampp\htdocs\commerce\system\Database\BaseBuilder.php(1615): CodeIgniter\Database\BaseConnection->query('SELECT *\nFROM `...', Array, false)
#4 C:\xampp\htdocs\commerce\system\Model.php(196): CodeIgniter\Database\BaseBuilder->get()
#5 C:\xampp\htdocs\commerce\system\BaseModel.php(563): CodeIgniter\Model->doFind(true, '486720970')
#6 C:\xampp\htdocs\commerce\app\Controllers\Keranjang.php(46): CodeIgniter\BaseModel->find('486720970')
#7 C:\xampp\htdocs\commerce\system\CodeIgniter.php(942): App\Controllers\Keranjang->edit()
#8 C:\xampp\htdocs\commerce\system\CodeIgniter.php(502): CodeIgniter\CodeIgniter->runController(Object(App\Controllers\Keranjang))
#9 C:\xampp\htdocs\commerce\system\CodeIgniter.php(361): CodeIgniter\CodeIgniter->handleRequest(NULL, Object(Config\Cache), false)
#10 C:\xampp\htdocs\commerce\public\index.php(79): CodeIgniter\CodeIgniter->run()
#11 C:\xampp\htdocs\commerce\system\Commands\Server\rewrite.php(47): require_once('C:\\xampp\\htdocs...')
#12 {main}
CRITICAL - 2023-11-13 03:24:15 --> Unknown column 'keranjang.id' in 'where clause'
in SYSTEMPATH\Database\BaseConnection.php on line 647.
 1 SYSTEMPATH\Database\BaseBuilder.php(1615): CodeIgniter\Database\BaseConnection->query('SELECT *
FROM `keranjang`
WHERE `keranjang`.`id` = :keranjang.id:', [...], false)
 2 SYSTEMPATH\Model.php(196): CodeIgniter\Database\BaseBuilder->get()
 3 SYSTEMPATH\BaseModel.php(563): CodeIgniter\Model->doFind(true, '486720970')
 4 APPPATH\Controllers\Keranjang.php(46): CodeIgniter\BaseModel->find('486720970')
 5 SYSTEMPATH\CodeIgniter.php(942): App\Controllers\Keranjang->edit()
 6 SYSTEMPATH\CodeIgniter.php(502): CodeIgniter\CodeIgniter->runController(Object(App\Controllers\Keranjang))
 7 SYSTEMPATH\CodeIgniter.php(361): CodeIgniter\CodeIgniter->handleRequest(null, Object(Config\Cache), false)
 8 FCPATH\index.php(79): CodeIgniter\CodeIgniter->run()
 9 SYSTEMPATH\Commands\Server\rewrite.php(47): require_once('C:\\xampp\\htdocs\\commerce\\public\\index.php')
INFO - 2023-11-13 03:24:53 --> Session: Class initialized using 'CodeIgniter\Session\Handlers\FileHandler' driver.
ERROR - 2023-11-13 03:24:56 --> mysqli_sql_exception: Unknown column 'keranjang.id' in 'where clause' in C:\xampp\htdocs\commerce\system\Database\MySQLi\Connection.php:306
Stack trace:
#0 C:\xampp\htdocs\commerce\system\Database\MySQLi\Connection.php(306): mysqli->query('SELECT *\nFROM `...', 0)
#1 C:\xampp\htdocs\commerce\system\Database\BaseConnection.php(693): CodeIgniter\Database\MySQLi\Connection->execute('SELECT *\nFROM `...')
#2 C:\xampp\htdocs\commerce\system\Database\BaseConnection.php(607): CodeIgniter\Database\BaseConnection->simpleQuery('SELECT *\nFROM `...')
#3 C:\xampp\htdocs\commerce\system\Database\BaseBuilder.php(1615): CodeIgniter\Database\BaseConnection->query('SELECT *\nFROM `...', Array, false)
#4 C:\xampp\htdocs\commerce\system\Model.php(196): CodeIgniter\Database\BaseBuilder->get()
#5 C:\xampp\htdocs\commerce\system\BaseModel.php(563): CodeIgniter\Model->doFind(true, '486720970')
#6 C:\xampp\htdocs\commerce\app\Controllers\Keranjang.php(46): CodeIgniter\BaseModel->find('486720970')
#7 C:\xampp\htdocs\commerce\system\CodeIgniter.php(942): App\Controllers\Keranjang->edit()
#8 C:\xampp\htdocs\commerce\system\CodeIgniter.php(502): CodeIgniter\CodeIgniter->runController(Object(App\Controllers\Keranjang))
#9 C:\xampp\htdocs\commerce\system\CodeIgniter.php(361): CodeIgniter\CodeIgniter->handleRequest(NULL, Object(Config\Cache), false)
#10 C:\xampp\htdocs\commerce\public\index.php(79): CodeIgniter\CodeIgniter->run()
#11 C:\xampp\htdocs\commerce\system\Commands\Server\rewrite.php(47): require_once('C:\\xampp\\htdocs...')
#12 {main}
CRITICAL - 2023-11-13 03:24:56 --> Unknown column 'keranjang.id' in 'where clause'
in SYSTEMPATH\Database\BaseConnection.php on line 647.
 1 SYSTEMPATH\Database\BaseBuilder.php(1615): CodeIgniter\Database\BaseConnection->query('SELECT *
FROM `keranjang`
WHERE `keranjang`.`id` = :keranjang.id:', [...], false)
 2 SYSTEMPATH\Model.php(196): CodeIgniter\Database\BaseBuilder->get()
 3 SYSTEMPATH\BaseModel.php(563): CodeIgniter\Model->doFind(true, '486720970')
 4 APPPATH\Controllers\Keranjang.php(46): CodeIgniter\BaseModel->find('486720970')
 5 SYSTEMPATH\CodeIgniter.php(942): App\Controllers\Keranjang->edit()
 6 SYSTEMPATH\CodeIgniter.php(502): CodeIgniter\CodeIgniter->runController(Object(App\Controllers\Keranjang))
 7 SYSTEMPATH\CodeIgniter.php(361): CodeIgniter\CodeIgniter->handleRequest(null, Object(Config\Cache), false)
 8 FCPATH\index.php(79): CodeIgniter\CodeIgniter->run()
 9 SYSTEMPATH\Commands\Server\rewrite.php(47): require_once('C:\\xampp\\htdocs\\commerce\\public\\index.php')
INFO - 2023-11-13 03:25:23 --> Session: Class initialized using 'CodeIgniter\Session\Handlers\FileHandler' driver.
ERROR - 2023-11-13 03:25:29 --> mysqli_sql_exception: Unknown column 'keranjang.id' in 'where clause' in C:\xampp\htdocs\commerce\system\Database\MySQLi\Connection.php:306
Stack trace:
#0 C:\xampp\htdocs\commerce\system\Database\MySQLi\Connection.php(306): mysqli->query('SELECT *\nFROM `...', 0)
#1 C:\xampp\htdocs\commerce\system\Database\BaseConnection.php(693): CodeIgniter\Database\MySQLi\Connection->execute('SELECT *\nFROM `...')
#2 C:\xampp\htdocs\commerce\system\Database\BaseConnection.php(607): CodeIgniter\Database\BaseConnection->simpleQuery('SELECT *\nFROM `...')
#3 C:\xampp\htdocs\commerce\system\Database\BaseBuilder.php(1615): CodeIgniter\Database\BaseConnection->query('SELECT *\nFROM `...', Array, false)
#4 C:\xampp\htdocs\commerce\system\Model.php(196): CodeIgniter\Database\BaseBuilder->get()
#5 C:\xampp\htdocs\commerce\system\BaseModel.php(563): CodeIgniter\Model->doFind(true, '486720970')
#6 C:\xampp\htdocs\commerce\app\Controllers\Keranjang.php(46): CodeIgniter\BaseModel->find('486720970')
#7 C:\xampp\htdocs\commerce\system\CodeIgniter.php(942): App\Controllers\Keranjang->edit()
#8 C:\xampp\htdocs\commerce\system\CodeIgniter.php(502): CodeIgniter\CodeIgniter->runController(Object(App\Controllers\Keranjang))
#9 C:\xampp\htdocs\commerce\system\CodeIgniter.php(361): CodeIgniter\CodeIgniter->handleRequest(NULL, Object(Config\Cache), false)
#10 C:\xampp\htdocs\commerce\public\index.php(79): CodeIgniter\CodeIgniter->run()
#11 C:\xampp\htdocs\commerce\system\Commands\Server\rewrite.php(47): require_once('C:\\xampp\\htdocs...')
#12 {main}
CRITICAL - 2023-11-13 03:25:29 --> Unknown column 'keranjang.id' in 'where clause'
in SYSTEMPATH\Database\BaseConnection.php on line 647.
 1 SYSTEMPATH\Database\BaseBuilder.php(1615): CodeIgniter\Database\BaseConnection->query('SELECT *
FROM `keranjang`
WHERE `keranjang`.`id` = :keranjang.id:', [...], false)
 2 SYSTEMPATH\Model.php(196): CodeIgniter\Database\BaseBuilder->get()
 3 SYSTEMPATH\BaseModel.php(563): CodeIgniter\Model->doFind(true, '486720970')
 4 APPPATH\Controllers\Keranjang.php(46): CodeIgniter\BaseModel->find('486720970')
 5 SYSTEMPATH\CodeIgniter.php(942): App\Controllers\Keranjang->edit()
 6 SYSTEMPATH\CodeIgniter.php(502): CodeIgniter\CodeIgniter->runController(Object(App\Controllers\Keranjang))
 7 SYSTEMPATH\CodeIgniter.php(361): CodeIgniter\CodeIgniter->handleRequest(null, Object(Config\Cache), false)
 8 FCPATH\index.php(79): CodeIgniter\CodeIgniter->run()
 9 SYSTEMPATH\Commands\Server\rewrite.php(47): require_once('C:\\xampp\\htdocs\\commerce\\public\\index.php')
INFO - 2023-11-13 03:28:29 --> Session: Class initialized using 'CodeIgniter\Session\Handlers\FileHandler' driver.
ERROR - 2023-11-13 03:28:32 --> mysqli_sql_exception: Unknown column 'keranjang.id' in 'where clause' in C:\xampp\htdocs\commerce\system\Database\MySQLi\Connection.php:306
Stack trace:
#0 C:\xampp\htdocs\commerce\system\Database\MySQLi\Connection.php(306): mysqli->query('SELECT *\nFROM `...', 0)
#1 C:\xampp\htdocs\commerce\system\Database\BaseConnection.php(693): CodeIgniter\Database\MySQLi\Connection->execute('SELECT *\nFROM `...')
#2 C:\xampp\htdocs\commerce\system\Database\BaseConnection.php(607): CodeIgniter\Database\BaseConnection->simpleQuery('SELECT *\nFROM `...')
#3 C:\xampp\htdocs\commerce\system\Database\BaseBuilder.php(1615): CodeIgniter\Database\BaseConnection->query('SELECT *\nFROM `...', Array, false)
#4 C:\xampp\htdocs\commerce\system\Model.php(196): CodeIgniter\Database\BaseBuilder->get()
#5 C:\xampp\htdocs\commerce\system\BaseModel.php(563): CodeIgniter\Model->doFind(true, '486720970')
#6 C:\xampp\htdocs\commerce\app\Controllers\Keranjang.php(46): CodeIgniter\BaseModel->find('486720970')
#7 C:\xampp\htdocs\commerce\system\CodeIgniter.php(942): App\Controllers\Keranjang->edit()
#8 C:\xampp\htdocs\commerce\system\CodeIgniter.php(502): CodeIgniter\CodeIgniter->runController(Object(App\Controllers\Keranjang))
#9 C:\xampp\htdocs\commerce\system\CodeIgniter.php(361): CodeIgniter\CodeIgniter->handleRequest(NULL, Object(Config\Cache), false)
#10 C:\xampp\htdocs\commerce\public\index.php(79): CodeIgniter\CodeIgniter->run()
#11 C:\xampp\htdocs\commerce\system\Commands\Server\rewrite.php(47): require_once('C:\\xampp\\htdocs...')
#12 {main}
CRITICAL - 2023-11-13 03:28:32 --> Unknown column 'keranjang.id' in 'where clause'
in SYSTEMPATH\Database\BaseConnection.php on line 647.
 1 SYSTEMPATH\Database\BaseBuilder.php(1615): CodeIgniter\Database\BaseConnection->query('SELECT *
FROM `keranjang`
WHERE `keranjang`.`id` = :keranjang.id:', [...], false)
 2 SYSTEMPATH\Model.php(196): CodeIgniter\Database\BaseBuilder->get()
 3 SYSTEMPATH\BaseModel.php(563): CodeIgniter\Model->doFind(true, '486720970')
 4 APPPATH\Controllers\Keranjang.php(46): CodeIgniter\BaseModel->find('486720970')
 5 SYSTEMPATH\CodeIgniter.php(942): App\Controllers\Keranjang->edit()
 6 SYSTEMPATH\CodeIgniter.php(502): CodeIgniter\CodeIgniter->runController(Object(App\Controllers\Keranjang))
 7 SYSTEMPATH\CodeIgniter.php(361): CodeIgniter\CodeIgniter->handleRequest(null, Object(Config\Cache), false)
 8 FCPATH\index.php(79): CodeIgniter\CodeIgniter->run()
 9 SYSTEMPATH\Commands\Server\rewrite.php(47): require_once('C:\\xampp\\htdocs\\commerce\\public\\index.php')
INFO - 2023-11-13 03:31:42 --> Session: Class initialized using 'CodeIgniter\Session\Handlers\FileHandler' driver.
ERROR - 2023-11-13 03:31:47 --> mysqli_sql_exception: Unknown column 'keranjang.id' in 'where clause' in C:\xampp\htdocs\commerce\system\Database\MySQLi\Connection.php:306
Stack trace:
#0 C:\xampp\htdocs\commerce\system\Database\MySQLi\Connection.php(306): mysqli->query('SELECT *\nFROM `...', 0)
#1 C:\xampp\htdocs\commerce\system\Database\BaseConnection.php(693): CodeIgniter\Database\MySQLi\Connection->execute('SELECT *\nFROM `...')
#2 C:\xampp\htdocs\commerce\system\Database\BaseConnection.php(607): CodeIgniter\Database\BaseConnection->simpleQuery('SELECT *\nFROM `...')
#3 C:\xampp\htdocs\commerce\system\Database\BaseBuilder.php(1615): CodeIgniter\Database\BaseConnection->query('SELECT *\nFROM `...', Array, false)
#4 C:\xampp\htdocs\commerce\system\Model.php(196): CodeIgniter\Database\BaseBuilder->get()
#5 C:\xampp\htdocs\commerce\system\BaseModel.php(563): CodeIgniter\Model->doFind(true, '486720970')
#6 C:\xampp\htdocs\commerce\app\Controllers\Keranjang.php(46): CodeIgniter\BaseModel->find('486720970')
#7 C:\xampp\htdocs\commerce\system\CodeIgniter.php(942): App\Controllers\Keranjang->edit()
#8 C:\xampp\htdocs\commerce\system\CodeIgniter.php(502): CodeIgniter\CodeIgniter->runController(Object(App\Controllers\Keranjang))
#9 C:\xampp\htdocs\commerce\system\CodeIgniter.php(361): CodeIgniter\CodeIgniter->handleRequest(NULL, Object(Config\Cache), false)
#10 C:\xampp\htdocs\commerce\public\index.php(79): CodeIgniter\CodeIgniter->run()
#11 C:\xampp\htdocs\commerce\system\Commands\Server\rewrite.php(47): require_once('C:\\xampp\\htdocs...')
#12 {main}
CRITICAL - 2023-11-13 03:31:47 --> Unknown column 'keranjang.id' in 'where clause'
in SYSTEMPATH\Database\BaseConnection.php on line 647.
 1 SYSTEMPATH\Database\BaseBuilder.php(1615): CodeIgniter\Database\BaseConnection->query('SELECT *
FROM `keranjang`
WHERE `keranjang`.`id` = :keranjang.id:', [...], false)
 2 SYSTEMPATH\Model.php(196): CodeIgniter\Database\BaseBuilder->get()
 3 SYSTEMPATH\BaseModel.php(563): CodeIgniter\Model->doFind(true, '486720970')
 4 APPPATH\Controllers\Keranjang.php(46): CodeIgniter\BaseModel->find('486720970')
 5 SYSTEMPATH\CodeIgniter.php(942): App\Controllers\Keranjang->edit()
 6 SYSTEMPATH\CodeIgniter.php(502): CodeIgniter\CodeIgniter->runController(Object(App\Controllers\Keranjang))
 7 SYSTEMPATH\CodeIgniter.php(361): CodeIgniter\CodeIgniter->handleRequest(null, Object(Config\Cache), false)
 8 FCPATH\index.php(79): CodeIgniter\CodeIgniter->run()
 9 SYSTEMPATH\Commands\Server\rewrite.php(47): require_once('C:\\xampp\\htdocs\\commerce\\public\\index.php')
INFO - 2023-11-13 03:34:05 --> Session: Class initialized using 'CodeIgniter\Session\Handlers\FileHandler' driver.
ERROR - 2023-11-13 03:34:09 --> mysqli_sql_exception: Unknown column 'keranjang.id' in 'where clause' in C:\xampp\htdocs\commerce\system\Database\MySQLi\Connection.php:306
Stack trace:
#0 C:\xampp\htdocs\commerce\system\Database\MySQLi\Connection.php(306): mysqli->query('SELECT *\nFROM `...', 0)
#1 C:\xampp\htdocs\commerce\system\Database\BaseConnection.php(693): CodeIgniter\Database\MySQLi\Connection->execute('SELECT *\nFROM `...')
#2 C:\xampp\htdocs\commerce\system\Database\BaseConnection.php(607): CodeIgniter\Database\BaseConnection->simpleQuery('SELECT *\nFROM `...')
#3 C:\xampp\htdocs\commerce\system\Database\BaseBuilder.php(1615): CodeIgniter\Database\BaseConnection->query('SELECT *\nFROM `...', Array, false)
#4 C:\xampp\htdocs\commerce\system\Model.php(196): CodeIgniter\Database\BaseBuilder->get()
#5 C:\xampp\htdocs\commerce\system\BaseModel.php(563): CodeIgniter\Model->doFind(true, '486720970')
#6 C:\xampp\htdocs\commerce\app\Controllers\Keranjang.php(46): CodeIgniter\BaseModel->find('486720970')
#7 C:\xampp\htdocs\commerce\system\CodeIgniter.php(942): App\Controllers\Keranjang->edit()
#8 C:\xampp\htdocs\commerce\system\CodeIgniter.php(502): CodeIgniter\CodeIgniter->runController(Object(App\Controllers\Keranjang))
#9 C:\xampp\htdocs\commerce\system\CodeIgniter.php(361): CodeIgniter\CodeIgniter->handleRequest(NULL, Object(Config\Cache), false)
#10 C:\xampp\htdocs\commerce\public\index.php(79): CodeIgniter\CodeIgniter->run()
#11 C:\xampp\htdocs\commerce\system\Commands\Server\rewrite.php(47): require_once('C:\\xampp\\htdocs...')
#12 {main}
CRITICAL - 2023-11-13 03:34:09 --> Unknown column 'keranjang.id' in 'where clause'
in SYSTEMPATH\Database\BaseConnection.php on line 647.
 1 SYSTEMPATH\Database\BaseBuilder.php(1615): CodeIgniter\Database\BaseConnection->query('SELECT *
FROM `keranjang`
WHERE `keranjang`.`id` = :keranjang.id:', [...], false)
 2 SYSTEMPATH\Model.php(196): CodeIgniter\Database\BaseBuilder->get()
 3 SYSTEMPATH\BaseModel.php(563): CodeIgniter\Model->doFind(true, '486720970')
 4 APPPATH\Controllers\Keranjang.php(46): CodeIgniter\BaseModel->find('486720970')
 5 SYSTEMPATH\CodeIgniter.php(942): App\Controllers\Keranjang->edit()
 6 SYSTEMPATH\CodeIgniter.php(502): CodeIgniter\CodeIgniter->runController(Object(App\Controllers\Keranjang))
 7 SYSTEMPATH\CodeIgniter.php(361): CodeIgniter\CodeIgniter->handleRequest(null, Object(Config\Cache), false)
 8 FCPATH\index.php(79): CodeIgniter\CodeIgniter->run()
 9 SYSTEMPATH\Commands\Server\rewrite.php(47): require_once('C:\\xampp\\htdocs\\commerce\\public\\index.php')
INFO - 2023-11-13 03:34:48 --> Session: Class initialized using 'CodeIgniter\Session\Handlers\FileHandler' driver.
INFO - 2023-11-13 03:39:03 --> Session: Class initialized using 'CodeIgniter\Session\Handlers\FileHandler' driver.
INFO - 2023-11-13 03:39:21 --> Session: Class initialized using 'CodeIgniter\Session\Handlers\FileHandler' driver.
INFO - 2023-11-13 03:39:28 --> Session: Class initialized using 'CodeIgniter\Session\Handlers\FileHandler' driver.
INFO - 2023-11-13 03:39:47 --> Session: Class initialized using 'CodeIgniter\Session\Handlers\FileHandler' driver.
INFO - 2023-11-13 03:40:02 --> Session: Class initialized using 'CodeIgniter\Session\Handlers\FileHandler' driver.
INFO - 2023-11-13 03:41:13 --> Session: Class initialized using 'CodeIgniter\Session\Handlers\FileHandler' driver.
INFO - 2023-11-13 03:43:02 --> Session: Class initialized using 'CodeIgniter\Session\Handlers\FileHandler' driver.
ERROR - 2023-11-13 03:43:05 --> mysqli_sql_exception: Unknown column 'keranjang.id' in 'where clause' in C:\xampp\htdocs\commerce\system\Database\MySQLi\Connection.php:306
Stack trace:
#0 C:\xampp\htdocs\commerce\system\Database\MySQLi\Connection.php(306): mysqli->query('SELECT *\nFROM `...', 0)
#1 C:\xampp\htdocs\commerce\system\Database\BaseConnection.php(693): CodeIgniter\Database\MySQLi\Connection->execute('SELECT *\nFROM `...')
#2 C:\xampp\htdocs\commerce\system\Database\BaseConnection.php(607): CodeIgniter\Database\BaseConnection->simpleQuery('SELECT *\nFROM `...')
#3 C:\xampp\htdocs\commerce\system\Database\BaseBuilder.php(1615): CodeIgniter\Database\BaseConnection->query('SELECT *\nFROM `...', Array, false)
#4 C:\xampp\htdocs\commerce\system\Model.php(196): CodeIgniter\Database\BaseBuilder->get()
#5 C:\xampp\htdocs\commerce\system\BaseModel.php(563): CodeIgniter\Model->doFind(true, '486720970')
#6 C:\xampp\htdocs\commerce\app\Controllers\Keranjang.php(46): CodeIgniter\BaseModel->find('486720970')
#7 C:\xampp\htdocs\commerce\system\CodeIgniter.php(942): App\Controllers\Keranjang->edit()
#8 C:\xampp\htdocs\commerce\system\CodeIgniter.php(502): CodeIgniter\CodeIgniter->runController(Object(App\Controllers\Keranjang))
#9 C:\xampp\htdocs\commerce\system\CodeIgniter.php(361): CodeIgniter\CodeIgniter->handleRequest(NULL, Object(Config\Cache), false)
#10 C:\xampp\htdocs\commerce\public\index.php(79): CodeIgniter\CodeIgniter->run()
#11 C:\xampp\htdocs\commerce\system\Commands\Server\rewrite.php(47): require_once('C:\\xampp\\htdocs...')
#12 {main}
CRITICAL - 2023-11-13 03:43:05 --> Unknown column 'keranjang.id' in 'where clause'
in SYSTEMPATH\Database\BaseConnection.php on line 647.
 1 SYSTEMPATH\Database\BaseBuilder.php(1615): CodeIgniter\Database\BaseConnection->query('SELECT *
FROM `keranjang`
WHERE `keranjang`.`id` = :keranjang.id:', [...], false)
 2 SYSTEMPATH\Model.php(196): CodeIgniter\Database\BaseBuilder->get()
 3 SYSTEMPATH\BaseModel.php(563): CodeIgniter\Model->doFind(true, '486720970')
 4 APPPATH\Controllers\Keranjang.php(46): CodeIgniter\BaseModel->find('486720970')
 5 SYSTEMPATH\CodeIgniter.php(942): App\Controllers\Keranjang->edit()
 6 SYSTEMPATH\CodeIgniter.php(502): CodeIgniter\CodeIgniter->runController(Object(App\Controllers\Keranjang))
 7 SYSTEMPATH\CodeIgniter.php(361): CodeIgniter\CodeIgniter->handleRequest(null, Object(Config\Cache), false)
 8 FCPATH\index.php(79): CodeIgniter\CodeIgniter->run()
 9 SYSTEMPATH\Commands\Server\rewrite.php(47): require_once('C:\\xampp\\htdocs\\commerce\\public\\index.php')
INFO - 2023-11-13 03:44:20 --> Session: Class initialized using 'CodeIgniter\Session\Handlers\FileHandler' driver.
ERROR - 2023-11-13 03:44:48 --> mysqli_sql_exception: Unknown column 'keranjang.id' in 'where clause' in C:\xampp\htdocs\commerce\system\Database\MySQLi\Connection.php:306
Stack trace:
#0 C:\xampp\htdocs\commerce\system\Database\MySQLi\Connection.php(306): mysqli->query('SELECT *\nFROM `...', 0)
#1 C:\xampp\htdocs\commerce\system\Database\BaseConnection.php(693): CodeIgniter\Database\MySQLi\Connection->execute('SELECT *\nFROM `...')
#2 C:\xampp\htdocs\commerce\system\Database\BaseConnection.php(607): CodeIgniter\Database\BaseConnection->simpleQuery('SELECT *\nFROM `...')
#3 C:\xampp\htdocs\commerce\system\Database\BaseBuilder.php(1615): CodeIgniter\Database\BaseConnection->query('SELECT *\nFROM `...', Array, false)
#4 C:\xampp\htdocs\commerce\system\Model.php(196): CodeIgniter\Database\BaseBuilder->get()
#5 C:\xampp\htdocs\commerce\system\BaseModel.php(563): CodeIgniter\Model->doFind(true, '486720970')
#6 C:\xampp\htdocs\commerce\app\Controllers\Keranjang.php(46): CodeIgniter\BaseModel->find('486720970')
#7 C:\xampp\htdocs\commerce\system\CodeIgniter.php(942): App\Controllers\Keranjang->edit()
#8 C:\xampp\htdocs\commerce\system\CodeIgniter.php(502): CodeIgniter\CodeIgniter->runController(Object(App\Controllers\Keranjang))
#9 C:\xampp\htdocs\commerce\system\CodeIgniter.php(361): CodeIgniter\CodeIgniter->handleRequest(NULL, Object(Config\Cache), false)
#10 C:\xampp\htdocs\commerce\public\index.php(79): CodeIgniter\CodeIgniter->run()
#11 C:\xampp\htdocs\commerce\system\Commands\Server\rewrite.php(47): require_once('C:\\xampp\\htdocs...')
#12 {main}
CRITICAL - 2023-11-13 03:44:48 --> Unknown column 'keranjang.id' in 'where clause'
in SYSTEMPATH\Database\BaseConnection.php on line 647.
 1 SYSTEMPATH\Database\BaseBuilder.php(1615): CodeIgniter\Database\BaseConnection->query('SELECT *
FROM `keranjang`
WHERE `keranjang`.`id` = :keranjang.id:', [...], false)
 2 SYSTEMPATH\Model.php(196): CodeIgniter\Database\BaseBuilder->get()
 3 SYSTEMPATH\BaseModel.php(563): CodeIgniter\Model->doFind(true, '486720970')
 4 APPPATH\Controllers\Keranjang.php(46): CodeIgniter\BaseModel->find('486720970')
 5 SYSTEMPATH\CodeIgniter.php(942): App\Controllers\Keranjang->edit()
 6 SYSTEMPATH\CodeIgniter.php(502): CodeIgniter\CodeIgniter->runController(Object(App\Controllers\Keranjang))
 7 SYSTEMPATH\CodeIgniter.php(361): CodeIgniter\CodeIgniter->handleRequest(null, Object(Config\Cache), false)
 8 FCPATH\index.php(79): CodeIgniter\CodeIgniter->run()
 9 SYSTEMPATH\Commands\Server\rewrite.php(47): require_once('C:\\xampp\\htdocs\\commerce\\public\\index.php')
ERROR - 2023-11-13 03:45:06 --> mysqli_sql_exception: Unknown column 'keranjang.id' in 'where clause' in C:\xampp\htdocs\commerce\system\Database\MySQLi\Connection.php:306
Stack trace:
#0 C:\xampp\htdocs\commerce\system\Database\MySQLi\Connection.php(306): mysqli->query('SELECT *\nFROM `...', 0)
#1 C:\xampp\htdocs\commerce\system\Database\BaseConnection.php(693): CodeIgniter\Database\MySQLi\Connection->execute('SELECT *\nFROM `...')
#2 C:\xampp\htdocs\commerce\system\Database\BaseConnection.php(607): CodeIgniter\Database\BaseConnection->simpleQuery('SELECT *\nFROM `...')
#3 C:\xampp\htdocs\commerce\system\Database\BaseBuilder.php(1615): CodeIgniter\Database\BaseConnection->query('SELECT *\nFROM `...', Array, false)
#4 C:\xampp\htdocs\commerce\system\Model.php(196): CodeIgniter\Database\BaseBuilder->get()
#5 C:\xampp\htdocs\commerce\system\BaseModel.php(563): CodeIgniter\Model->doFind(true, '486720970')
#6 C:\xampp\htdocs\commerce\app\Controllers\Keranjang.php(46): CodeIgniter\BaseModel->find('486720970')
#7 C:\xampp\htdocs\commerce\system\CodeIgniter.php(942): App\Controllers\Keranjang->edit()
#8 C:\xampp\htdocs\commerce\system\CodeIgniter.php(502): CodeIgniter\CodeIgniter->runController(Object(App\Controllers\Keranjang))
#9 C:\xampp\htdocs\commerce\system\CodeIgniter.php(361): CodeIgniter\CodeIgniter->handleRequest(NULL, Object(Config\Cache), false)
#10 C:\xampp\htdocs\commerce\public\index.php(79): CodeIgniter\CodeIgniter->run()
#11 C:\xampp\htdocs\commerce\system\Commands\Server\rewrite.php(47): require_once('C:\\xampp\\htdocs...')
#12 {main}
CRITICAL - 2023-11-13 03:45:06 --> Unknown column 'keranjang.id' in 'where clause'
in SYSTEMPATH\Database\BaseConnection.php on line 647.
 1 SYSTEMPATH\Database\BaseBuilder.php(1615): CodeIgniter\Database\BaseConnection->query('SELECT *
FROM `keranjang`
WHERE `keranjang`.`id` = :keranjang.id:', [...], false)
 2 SYSTEMPATH\Model.php(196): CodeIgniter\Database\BaseBuilder->get()
 3 SYSTEMPATH\BaseModel.php(563): CodeIgniter\Model->doFind(true, '486720970')
 4 APPPATH\Controllers\Keranjang.php(46): CodeIgniter\BaseModel->find('486720970')
 5 SYSTEMPATH\CodeIgniter.php(942): App\Controllers\Keranjang->edit()
 6 SYSTEMPATH\CodeIgniter.php(502): CodeIgniter\CodeIgniter->runController(Object(App\Controllers\Keranjang))
 7 SYSTEMPATH\CodeIgniter.php(361): CodeIgniter\CodeIgniter->handleRequest(null, Object(Config\Cache), false)
 8 FCPATH\index.php(79): CodeIgniter\CodeIgniter->run()
 9 SYSTEMPATH\Commands\Server\rewrite.php(47): require_once('C:\\xampp\\htdocs\\commerce\\public\\index.php')
INFO - 2023-11-13 03:45:21 --> Session: Class initialized using 'CodeIgniter\Session\Handlers\FileHandler' driver.
ERROR - 2023-11-13 03:45:31 --> mysqli_sql_exception: Unknown column 'keranjang.id' in 'where clause' in C:\xampp\htdocs\commerce\system\Database\MySQLi\Connection.php:306
Stack trace:
#0 C:\xampp\htdocs\commerce\system\Database\MySQLi\Connection.php(306): mysqli->query('SELECT *\nFROM `...', 0)
#1 C:\xampp\htdocs\commerce\system\Database\BaseConnection.php(693): CodeIgniter\Database\MySQLi\Connection->execute('SELECT *\nFROM `...')
#2 C:\xampp\htdocs\commerce\system\Database\BaseConnection.php(607): CodeIgniter\Database\BaseConnection->simpleQuery('SELECT *\nFROM `...')
#3 C:\xampp\htdocs\commerce\system\Database\BaseBuilder.php(1615): CodeIgniter\Database\BaseConnection->query('SELECT *\nFROM `...', Array, false)
#4 C:\xampp\htdocs\commerce\system\Model.php(196): CodeIgniter\Database\BaseBuilder->get()
#5 C:\xampp\htdocs\commerce\system\BaseModel.php(563): CodeIgniter\Model->doFind(true, '486720970')
#6 C:\xampp\htdocs\commerce\app\Controllers\Keranjang.php(46): CodeIgniter\BaseModel->find('486720970')
#7 C:\xampp\htdocs\commerce\system\CodeIgniter.php(942): App\Controllers\Keranjang->edit()
#8 C:\xampp\htdocs\commerce\system\CodeIgniter.php(502): CodeIgniter\CodeIgniter->runController(Object(App\Controllers\Keranjang))
#9 C:\xampp\htdocs\commerce\system\CodeIgniter.php(361): CodeIgniter\CodeIgniter->handleRequest(NULL, Object(Config\Cache), false)
#10 C:\xampp\htdocs\commerce\public\index.php(79): CodeIgniter\CodeIgniter->run()
#11 C:\xampp\htdocs\commerce\system\Commands\Server\rewrite.php(47): require_once('C:\\xampp\\htdocs...')
#12 {main}
CRITICAL - 2023-11-13 03:45:31 --> Unknown column 'keranjang.id' in 'where clause'
in SYSTEMPATH\Database\BaseConnection.php on line 647.
 1 SYSTEMPATH\Database\BaseBuilder.php(1615): CodeIgniter\Database\BaseConnection->query('SELECT *
FROM `keranjang`
WHERE `keranjang`.`id` = :keranjang.id:', [...], false)
 2 SYSTEMPATH\Model.php(196): CodeIgniter\Database\BaseBuilder->get()
 3 SYSTEMPATH\BaseModel.php(563): CodeIgniter\Model->doFind(true, '486720970')
 4 APPPATH\Controllers\Keranjang.php(46): CodeIgniter\BaseModel->find('486720970')
 5 SYSTEMPATH\CodeIgniter.php(942): App\Controllers\Keranjang->edit()
 6 SYSTEMPATH\CodeIgniter.php(502): CodeIgniter\CodeIgniter->runController(Object(App\Controllers\Keranjang))
 7 SYSTEMPATH\CodeIgniter.php(361): CodeIgniter\CodeIgniter->handleRequest(null, Object(Config\Cache), false)
 8 FCPATH\index.php(79): CodeIgniter\CodeIgniter->run()
 9 SYSTEMPATH\Commands\Server\rewrite.php(47): require_once('C:\\xampp\\htdocs\\commerce\\public\\index.php')
INFO - 2023-11-13 03:46:59 --> Session: Class initialized using 'CodeIgniter\Session\Handlers\FileHandler' driver.
ERROR - 2023-11-13 03:48:56 --> mysqli_sql_exception: Unknown column 'keranjang.id' in 'where clause' in C:\xampp\htdocs\commerce\system\Database\MySQLi\Connection.php:306
Stack trace:
#0 C:\xampp\htdocs\commerce\system\Database\MySQLi\Connection.php(306): mysqli->query('SELECT *\nFROM `...', 0)
#1 C:\xampp\htdocs\commerce\system\Database\BaseConnection.php(693): CodeIgniter\Database\MySQLi\Connection->execute('SELECT *\nFROM `...')
#2 C:\xampp\htdocs\commerce\system\Database\BaseConnection.php(607): CodeIgniter\Database\BaseConnection->simpleQuery('SELECT *\nFROM `...')
#3 C:\xampp\htdocs\commerce\system\Database\BaseBuilder.php(1615): CodeIgniter\Database\BaseConnection->query('SELECT *\nFROM `...', Array, false)
#4 C:\xampp\htdocs\commerce\system\Model.php(196): CodeIgniter\Database\BaseBuilder->get()
#5 C:\xampp\htdocs\commerce\system\BaseModel.php(563): CodeIgniter\Model->doFind(true, '1342947040')
#6 C:\xampp\htdocs\commerce\app\Controllers\Keranjang.php(46): CodeIgniter\BaseModel->find('1342947040')
#7 C:\xampp\htdocs\commerce\system\CodeIgniter.php(942): App\Controllers\Keranjang->edit()
#8 C:\xampp\htdocs\commerce\system\CodeIgniter.php(502): CodeIgniter\CodeIgniter->runController(Object(App\Controllers\Keranjang))
#9 C:\xampp\htdocs\commerce\system\CodeIgniter.php(361): CodeIgniter\CodeIgniter->handleRequest(NULL, Object(Config\Cache), false)
#10 C:\xampp\htdocs\commerce\public\index.php(79): CodeIgniter\CodeIgniter->run()
#11 C:\xampp\htdocs\commerce\system\Commands\Server\rewrite.php(47): require_once('C:\\xampp\\htdocs...')
#12 {main}
CRITICAL - 2023-11-13 03:48:56 --> Unknown column 'keranjang.id' in 'where clause'
in SYSTEMPATH\Database\BaseConnection.php on line 647.
 1 SYSTEMPATH\Database\BaseBuilder.php(1615): CodeIgniter\Database\BaseConnection->query('SELECT *
FROM `keranjang`
WHERE `keranjang`.`id` = :keranjang.id:', [...], false)
 2 SYSTEMPATH\Model.php(196): CodeIgniter\Database\BaseBuilder->get()
 3 SYSTEMPATH\BaseModel.php(563): CodeIgniter\Model->doFind(true, '1342947040')
 4 APPPATH\Controllers\Keranjang.php(46): CodeIgniter\BaseModel->find('1342947040')
 5 SYSTEMPATH\CodeIgniter.php(942): App\Controllers\Keranjang->edit()
 6 SYSTEMPATH\CodeIgniter.php(502): CodeIgniter\CodeIgniter->runController(Object(App\Controllers\Keranjang))
 7 SYSTEMPATH\CodeIgniter.php(361): CodeIgniter\CodeIgniter->handleRequest(null, Object(Config\Cache), false)
 8 FCPATH\index.php(79): CodeIgniter\CodeIgniter->run()
 9 SYSTEMPATH\Commands\Server\rewrite.php(47): require_once('C:\\xampp\\htdocs\\commerce\\public\\index.php')
INFO - 2023-11-13 03:50:54 --> Session: Class initialized using 'CodeIgniter\Session\Handlers\FileHandler' driver.
ERROR - 2023-11-13 03:51:07 --> mysqli_sql_exception: Unknown column 'keranjang.id' in 'where clause' in C:\xampp\htdocs\commerce\system\Database\MySQLi\Connection.php:306
Stack trace:
#0 C:\xampp\htdocs\commerce\system\Database\MySQLi\Connection.php(306): mysqli->query('SELECT *\nFROM `...', 0)
#1 C:\xampp\htdocs\commerce\system\Database\BaseConnection.php(693): CodeIgniter\Database\MySQLi\Connection->execute('SELECT *\nFROM `...')
#2 C:\xampp\htdocs\commerce\system\Database\BaseConnection.php(607): CodeIgniter\Database\BaseConnection->simpleQuery('SELECT *\nFROM `...')
#3 C:\xampp\htdocs\commerce\system\Database\BaseBuilder.php(1615): CodeIgniter\Database\BaseConnection->query('SELECT *\nFROM `...', Array, false)
#4 C:\xampp\htdocs\commerce\system\Model.php(196): CodeIgniter\Database\BaseBuilder->get()
#5 C:\xampp\htdocs\commerce\system\BaseModel.php(563): CodeIgniter\Model->doFind(true, '1342947040')
#6 C:\xampp\htdocs\commerce\app\Controllers\Keranjang.php(46): CodeIgniter\BaseModel->find('1342947040')
#7 C:\xampp\htdocs\commerce\system\CodeIgniter.php(942): App\Controllers\Keranjang->edit()
#8 C:\xampp\htdocs\commerce\system\CodeIgniter.php(502): CodeIgniter\CodeIgniter->runController(Object(App\Controllers\Keranjang))
#9 C:\xampp\htdocs\commerce\system\CodeIgniter.php(361): CodeIgniter\CodeIgniter->handleRequest(NULL, Object(Config\Cache), false)
#10 C:\xampp\htdocs\commerce\public\index.php(79): CodeIgniter\CodeIgniter->run()
#11 C:\xampp\htdocs\commerce\system\Commands\Server\rewrite.php(47): require_once('C:\\xampp\\htdocs...')
#12 {main}
CRITICAL - 2023-11-13 03:51:07 --> Unknown column 'keranjang.id' in 'where clause'
in SYSTEMPATH\Database\BaseConnection.php on line 647.
 1 SYSTEMPATH\Database\BaseBuilder.php(1615): CodeIgniter\Database\BaseConnection->query('SELECT *
FROM `keranjang`
WHERE `keranjang`.`id` = :keranjang.id:', [...], false)
 2 SYSTEMPATH\Model.php(196): CodeIgniter\Database\BaseBuilder->get()
 3 SYSTEMPATH\BaseModel.php(563): CodeIgniter\Model->doFind(true, '1342947040')
 4 APPPATH\Controllers\Keranjang.php(46): CodeIgniter\BaseModel->find('1342947040')
 5 SYSTEMPATH\CodeIgniter.php(942): App\Controllers\Keranjang->edit()
 6 SYSTEMPATH\CodeIgniter.php(502): CodeIgniter\CodeIgniter->runController(Object(App\Controllers\Keranjang))
 7 SYSTEMPATH\CodeIgniter.php(361): CodeIgniter\CodeIgniter->handleRequest(null, Object(Config\Cache), false)
 8 FCPATH\index.php(79): CodeIgniter\CodeIgniter->run()
 9 SYSTEMPATH\Commands\Server\rewrite.php(47): require_once('C:\\xampp\\htdocs\\commerce\\public\\index.php')
INFO - 2023-11-13 03:56:56 --> Session: Class initialized using 'CodeIgniter\Session\Handlers\FileHandler' driver.
INFO - 2023-11-13 03:57:18 --> Session: Class initialized using 'CodeIgniter\Session\Handlers\FileHandler' driver.
ERROR - 2023-11-13 03:57:20 --> mysqli_sql_exception: Unknown column 'keranjang.id' in 'where clause' in C:\xampp\htdocs\commerce\system\Database\MySQLi\Connection.php:306
Stack trace:
#0 C:\xampp\htdocs\commerce\system\Database\MySQLi\Connection.php(306): mysqli->query('SELECT *\nFROM `...', 0)
#1 C:\xampp\htdocs\commerce\system\Database\BaseConnection.php(693): CodeIgniter\Database\MySQLi\Connection->execute('SELECT *\nFROM `...')
#2 C:\xampp\htdocs\commerce\system\Database\BaseConnection.php(607): CodeIgniter\Database\BaseConnection->simpleQuery('SELECT *\nFROM `...')
#3 C:\xampp\htdocs\commerce\system\Database\BaseBuilder.php(1615): CodeIgniter\Database\BaseConnection->query('SELECT *\nFROM `...', Array, false)
#4 C:\xampp\htdocs\commerce\system\Model.php(196): CodeIgniter\Database\BaseBuilder->get()
#5 C:\xampp\htdocs\commerce\system\BaseModel.php(563): CodeIgniter\Model->doFind(true, '1342947040')
#6 C:\xampp\htdocs\commerce\app\Controllers\Keranjang.php(46): CodeIgniter\BaseModel->find('1342947040')
#7 C:\xampp\htdocs\commerce\system\CodeIgniter.php(942): App\Controllers\Keranjang->edit()
#8 C:\xampp\htdocs\commerce\system\CodeIgniter.php(502): CodeIgniter\CodeIgniter->runController(Object(App\Controllers\Keranjang))
#9 C:\xampp\htdocs\commerce\system\CodeIgniter.php(361): CodeIgniter\CodeIgniter->handleRequest(NULL, Object(Config\Cache), false)
#10 C:\xampp\htdocs\commerce\public\index.php(79): CodeIgniter\CodeIgniter->run()
#11 C:\xampp\htdocs\commerce\system\Commands\Server\rewrite.php(47): require_once('C:\\xampp\\htdocs...')
#12 {main}
CRITICAL - 2023-11-13 03:57:20 --> Unknown column 'keranjang.id' in 'where clause'
in SYSTEMPATH\Database\BaseConnection.php on line 647.
 1 SYSTEMPATH\Database\BaseBuilder.php(1615): CodeIgniter\Database\BaseConnection->query('SELECT *
FROM `keranjang`
WHERE `keranjang`.`id` = :keranjang.id:', [...], false)
 2 SYSTEMPATH\Model.php(196): CodeIgniter\Database\BaseBuilder->get()
 3 SYSTEMPATH\BaseModel.php(563): CodeIgniter\Model->doFind(true, '1342947040')
 4 APPPATH\Controllers\Keranjang.php(46): CodeIgniter\BaseModel->find('1342947040')
 5 SYSTEMPATH\CodeIgniter.php(942): App\Controllers\Keranjang->edit()
 6 SYSTEMPATH\CodeIgniter.php(502): CodeIgniter\CodeIgniter->runController(Object(App\Controllers\Keranjang))
 7 SYSTEMPATH\CodeIgniter.php(361): CodeIgniter\CodeIgniter->handleRequest(null, Object(Config\Cache), false)
 8 FCPATH\index.php(79): CodeIgniter\CodeIgniter->run()
 9 SYSTEMPATH\Commands\Server\rewrite.php(47): require_once('C:\\xampp\\htdocs\\commerce\\public\\index.php')
INFO - 2023-11-13 03:59:56 --> Session: Class initialized using 'CodeIgniter\Session\Handlers\FileHandler' driver.
INFO - 2023-11-13 04:04:04 --> Session: Class initialized using 'CodeIgniter\Session\Handlers\FileHandler' driver.
INFO - 2023-11-13 04:04:16 --> Session: Class initialized using 'CodeIgniter\Session\Handlers\FileHandler' driver.
INFO - 2023-11-13 04:04:41 --> Session: Class initialized using 'CodeIgniter\Session\Handlers\FileHandler' driver.
INFO - 2023-11-13 04:04:43 --> Session: Class initialized using 'CodeIgniter\Session\Handlers\FileHandler' driver.
INFO - 2023-11-13 04:05:37 --> Session: Class initialized using 'CodeIgniter\Session\Handlers\FileHandler' driver.
INFO - 2023-11-13 04:06:49 --> Session: Class initialized using 'CodeIgniter\Session\Handlers\FileHandler' driver.
CRITICAL - 2023-11-13 04:06:53 --> Function name must be a string
in APPPATH\Controllers\Keranjang.php on line 45.
 1 SYSTEMPATH\CodeIgniter.php(942): App\Controllers\Keranjang->edit()
 2 SYSTEMPATH\CodeIgniter.php(502): CodeIgniter\CodeIgniter->runController(Object(App\Controllers\Keranjang))
 3 SYSTEMPATH\CodeIgniter.php(361): CodeIgniter\CodeIgniter->handleRequest(null, Object(Config\Cache), false)
 4 FCPATH\index.php(79): CodeIgniter\CodeIgniter->run()
 5 SYSTEMPATH\Commands\Server\rewrite.php(47): require_once('C:\\xampp\\htdocs\\commerce\\public\\index.php')
INFO - 2023-11-13 04:07:18 --> Session: Class initialized using 'CodeIgniter\Session\Handlers\FileHandler' driver.
INFO - 2023-11-13 04:08:54 --> Session: Class initialized using 'CodeIgniter\Session\Handlers\FileHandler' driver.
INFO - 2023-11-13 04:11:13 --> Session: Class initialized using 'CodeIgniter\Session\Handlers\FileHandler' driver.
INFO - 2023-11-13 04:11:46 --> Session: Class initialized using 'CodeIgniter\Session\Handlers\FileHandler' driver.
INFO - 2023-11-13 04:12:02 --> Session: Class initialized using 'CodeIgniter\Session\Handlers\FileHandler' driver.
INFO - 2023-11-13 04:12:49 --> Session: Class initialized using 'CodeIgniter\Session\Handlers\FileHandler' driver.
INFO - 2023-11-13 04:13:47 --> Session: Class initialized using 'CodeIgniter\Session\Handlers\FileHandler' driver.
INFO - 2023-11-13 04:14:23 --> Session: Class initialized using 'CodeIgniter\Session\Handlers\FileHandler' driver.
INFO - 2023-11-13 04:14:42 --> Session: Class initialized using 'CodeIgniter\Session\Handlers\FileHandler' driver.
INFO - 2023-11-13 04:15:10 --> Session: Class initialized using 'CodeIgniter\Session\Handlers\FileHandler' driver.
ERROR - 2023-11-13 04:15:15 --> mysqli_sql_exception: Unknown column 'keranjang.id' in 'where clause' in C:\xampp\htdocs\commerce\system\Database\MySQLi\Connection.php:306
Stack trace:
#0 C:\xampp\htdocs\commerce\system\Database\MySQLi\Connection.php(306): mysqli->query('SELECT *\nFROM `...', 0)
#1 C:\xampp\htdocs\commerce\system\Database\BaseConnection.php(693): CodeIgniter\Database\MySQLi\Connection->execute('SELECT *\nFROM `...')
#2 C:\xampp\htdocs\commerce\system\Database\BaseConnection.php(607): CodeIgniter\Database\BaseConnection->simpleQuery('SELECT *\nFROM `...')
#3 C:\xampp\htdocs\commerce\system\Database\BaseBuilder.php(1615): CodeIgniter\Database\BaseConnection->query('SELECT *\nFROM `...', Array, false)
#4 C:\xampp\htdocs\commerce\system\Model.php(196): CodeIgniter\Database\BaseBuilder->get()
#5 C:\xampp\htdocs\commerce\system\BaseModel.php(563): CodeIgniter\Model->doFind(true, '1702435157')
#6 C:\xampp\htdocs\commerce\app\Controllers\Keranjang.php(46): CodeIgniter\BaseModel->find('1702435157')
#7 C:\xampp\htdocs\commerce\system\CodeIgniter.php(942): App\Controllers\Keranjang->edit()
#8 C:\xampp\htdocs\commerce\system\CodeIgniter.php(502): CodeIgniter\CodeIgniter->runController(Object(App\Controllers\Keranjang))
#9 C:\xampp\htdocs\commerce\system\CodeIgniter.php(361): CodeIgniter\CodeIgniter->handleRequest(NULL, Object(Config\Cache), false)
#10 C:\xampp\htdocs\commerce\public\index.php(79): CodeIgniter\CodeIgniter->run()
#11 C:\xampp\htdocs\commerce\system\Commands\Server\rewrite.php(47): require_once('C:\\xampp\\htdocs...')
#12 {main}
CRITICAL - 2023-11-13 04:15:15 --> Unknown column 'keranjang.id' in 'where clause'
in SYSTEMPATH\Database\BaseConnection.php on line 647.
 1 SYSTEMPATH\Database\BaseBuilder.php(1615): CodeIgniter\Database\BaseConnection->query('SELECT *
FROM `keranjang`
WHERE `keranjang`.`id` = :keranjang.id:', [...], false)
 2 SYSTEMPATH\Model.php(196): CodeIgniter\Database\BaseBuilder->get()
 3 SYSTEMPATH\BaseModel.php(563): CodeIgniter\Model->doFind(true, '1702435157')
 4 APPPATH\Controllers\Keranjang.php(46): CodeIgniter\BaseModel->find('1702435157')
 5 SYSTEMPATH\CodeIgniter.php(942): App\Controllers\Keranjang->edit()
 6 SYSTEMPATH\CodeIgniter.php(502): CodeIgniter\CodeIgniter->runController(Object(App\Controllers\Keranjang))
 7 SYSTEMPATH\CodeIgniter.php(361): CodeIgniter\CodeIgniter->handleRequest(null, Object(Config\Cache), false)
 8 FCPATH\index.php(79): CodeIgniter\CodeIgniter->run()
 9 SYSTEMPATH\Commands\Server\rewrite.php(47): require_once('C:\\xampp\\htdocs\\commerce\\public\\index.php')
INFO - 2023-11-13 04:16:51 --> Session: Class initialized using 'CodeIgniter\Session\Handlers\FileHandler' driver.
INFO - 2023-11-13 04:17:22 --> Session: Class initialized using 'CodeIgniter\Session\Handlers\FileHandler' driver.
INFO - 2023-11-13 04:17:57 --> Session: Class initialized using 'CodeIgniter\Session\Handlers\FileHandler' driver.
INFO - 2023-11-13 04:19:59 --> Session: Class initialized using 'CodeIgniter\Session\Handlers\FileHandler' driver.
CRITICAL - 2023-11-13 04:20:03 --> Undefined variable: idPesanan
in APPPATH\Controllers\Keranjang.php on line 49.
 1 APPPATH\Controllers\Keranjang.php(49): CodeIgniter\Debug\Exceptions->errorHandler(8, 'Undefined variable: idPesanan', 'C:\\xampp\\htdocs\\commerce\\app\\Controllers\\Keranjang.php', 49, [...])
 2 SYSTEMPATH\CodeIgniter.php(942): App\Controllers\Keranjang->edit()
 3 SYSTEMPATH\CodeIgniter.php(502): CodeIgniter\CodeIgniter->runController(Object(App\Controllers\Keranjang))
 4 SYSTEMPATH\CodeIgniter.php(361): CodeIgniter\CodeIgniter->handleRequest(null, Object(Config\Cache), false)
 5 FCPATH\index.php(79): CodeIgniter\CodeIgniter->run()
 6 SYSTEMPATH\Commands\Server\rewrite.php(47): require_once('C:\\xampp\\htdocs\\commerce\\public\\index.php')
INFO - 2023-11-13 04:30:20 --> Session: Class initialized using 'CodeIgniter\Session\Handlers\FileHandler' driver.
INFO - 2023-11-13 04:31:27 --> Session: Class initialized using 'CodeIgniter\Session\Handlers\FileHandler' driver.
CRITICAL - 2023-11-13 04:35:11 --> Undefined variable: keranjangModel
in APPPATH\Controllers\Keranjang.php on line 51.
 1 APPPATH\Controllers\Keranjang.php(51): CodeIgniter\Debug\Exceptions->errorHandler(8, 'Undefined variable: keranjangModel', 'C:\\xampp\\htdocs\\commerce\\app\\Controllers\\Keranjang.php', 51, [...])
 2 SYSTEMPATH\CodeIgniter.php(942): App\Controllers\Keranjang->edit()
 3 SYSTEMPATH\CodeIgniter.php(502): CodeIgniter\CodeIgniter->runController(Object(App\Controllers\Keranjang))
 4 SYSTEMPATH\CodeIgniter.php(361): CodeIgniter\CodeIgniter->handleRequest(null, Object(Config\Cache), false)
 5 FCPATH\index.php(79): CodeIgniter\CodeIgniter->run()
 6 SYSTEMPATH\Commands\Server\rewrite.php(47): require_once('C:\\xampp\\htdocs\\commerce\\public\\index.php')
CRITICAL - 2023-11-13 04:35:19 --> syntax error, unexpected 'echo' (T_ECHO)
in APPPATH\Controllers\Keranjang.php on line 52.
 1 SYSTEMPATH\Autoloader\Autoloader.php(291): CodeIgniter\Autoloader\Autoloader->includeFile('C:\\xampp\\htdocs\\commerce\\app\\Controllers\\Keranjang.php')
 2 SYSTEMPATH\Autoloader\Autoloader.php(269): CodeIgniter\Autoloader\Autoloader->loadInNamespace('App\\Controllers\\Keranjang')
 3 [internal function]: CodeIgniter\Autoloader\Autoloader->loadClass('App\\Controllers\\Keranjang')
 4 [internal function]: spl_autoload_call('App\\Controllers\\Keranjang')
 5 SYSTEMPATH\CodeIgniter.php(900): class_exists('\\App\\Controllers\\Keranjang', true)
 6 SYSTEMPATH\CodeIgniter.php(489): CodeIgniter\CodeIgniter->startController()
 7 SYSTEMPATH\CodeIgniter.php(361): CodeIgniter\CodeIgniter->handleRequest(null, Object(Config\Cache), false)
 8 FCPATH\index.php(79): CodeIgniter\CodeIgniter->run()
 9 SYSTEMPATH\Commands\Server\rewrite.php(47): require_once('C:\\xampp\\htdocs\\commerce\\public\\index.php')
INFO - 2023-11-13 04:36:24 --> Session: Class initialized using 'CodeIgniter\Session\Handlers\FileHandler' driver.
INFO - 2023-11-13 04:37:13 --> Session: Class initialized using 'CodeIgniter\Session\Handlers\FileHandler' driver.
INFO - 2023-11-13 04:42:01 --> Session: Class initialized using 'CodeIgniter\Session\Handlers\FileHandler' driver.
INFO - 2023-11-13 04:43:01 --> Session: Class initialized using 'CodeIgniter\Session\Handlers\FileHandler' driver.
INFO - 2023-11-13 05:50:45 --> Session: Class initialized using 'CodeIgniter\Session\Handlers\FileHandler' driver.
INFO - 2023-11-13 05:52:24 --> Session: Class initialized using 'CodeIgniter\Session\Handlers\FileHandler' driver.
INFO - 2023-11-13 05:58:44 --> Session: Class initialized using 'CodeIgniter\Session\Handlers\FileHandler' driver.
INFO - 2023-11-13 06:23:40 --> Session: Class initialized using 'CodeIgniter\Session\Handlers\FileHandler' driver.
INFO - 2023-11-13 06:29:59 --> Session: Class initialized using 'CodeIgniter\Session\Handlers\FileHandler' driver.
CRITICAL - 2023-11-13 06:30:05 --> Call to a member function update() on array
in APPPATH\Controllers\Keranjang.php on line 63.
 1 SYSTEMPATH\CodeIgniter.php(942): App\Controllers\Keranjang->update()
 2 SYSTEMPATH\CodeIgniter.php(502): CodeIgniter\CodeIgniter->runController(Object(App\Controllers\Keranjang))
 3 SYSTEMPATH\CodeIgniter.php(361): CodeIgniter\CodeIgniter->handleRequest(null, Object(Config\Cache), false)
 4 FCPATH\index.php(79): CodeIgniter\CodeIgniter->run()
 5 SYSTEMPATH\Commands\Server\rewrite.php(47): require_once('C:\\xampp\\htdocs\\commerce\\public\\index.php')
INFO - 2023-11-13 06:34:04 --> Session: Class initialized using 'CodeIgniter\Session\Handlers\FileHandler' driver.
INFO - 2023-11-13 06:34:10 --> Session: Class initialized using 'CodeIgniter\Session\Handlers\FileHandler' driver.
CRITICAL - 2023-11-13 06:34:10 --> There is no data to update.
in SYSTEMPATH\BaseModel.php on line 1726.
 1 SYSTEMPATH\BaseModel.php(1726): CodeIgniter\Database\Exceptions\DataException::forEmptyDataset('update')
 2 SYSTEMPATH\BaseModel.php(916): CodeIgniter\BaseModel->transformDataToArray(null, 'update')
 3 SYSTEMPATH\Model.php(776): CodeIgniter\BaseModel->update([...], null)
 4 APPPATH\Controllers\Keranjang.php(70): CodeIgniter\Model->update([...])
 5 SYSTEMPATH\CodeIgniter.php(942): App\Controllers\Keranjang->update()
 6 SYSTEMPATH\CodeIgniter.php(502): CodeIgniter\CodeIgniter->runController(Object(App\Controllers\Keranjang))
 7 SYSTEMPATH\CodeIgniter.php(361): CodeIgniter\CodeIgniter->handleRequest(null, Object(Config\Cache), false)
 8 FCPATH\index.php(79): CodeIgniter\CodeIgniter->run()
 9 SYSTEMPATH\Commands\Server\rewrite.php(47): require_once('C:\\xampp\\htdocs\\commerce\\public\\index.php')
INFO - 2023-11-13 06:34:16 --> Session: Class initialized using 'CodeIgniter\Session\Handlers\FileHandler' driver.
INFO - 2023-11-13 06:38:57 --> Session: Class initialized using 'CodeIgniter\Session\Handlers\FileHandler' driver.
ERROR - 2023-11-13 06:39:02 --> mysqli_sql_exception: Unknown column 'jumlah_pesanan' in 'field list' in C:\xampp\htdocs\commerce\system\Database\MySQLi\Connection.php:306
Stack trace:
#0 C:\xampp\htdocs\commerce\system\Database\MySQLi\Connection.php(306): mysqli->query('UPDATE `product...', 0)
#1 C:\xampp\htdocs\commerce\system\Database\BaseConnection.php(693): CodeIgniter\Database\MySQLi\Connection->execute('UPDATE `product...')
#2 C:\xampp\htdocs\commerce\system\Database\BaseConnection.php(607): CodeIgniter\Database\BaseConnection->simpleQuery('UPDATE `product...')
#3 C:\xampp\htdocs\commerce\system\Database\BaseBuilder.php(2475): CodeIgniter\Database\BaseConnection->query('UPDATE `product...', Array, false)
#4 C:\xampp\htdocs\commerce\app\Controllers\Keranjang.php(64): CodeIgniter\Database\BaseBuilder->update(Array)
#5 C:\xampp\htdocs\commerce\system\CodeIgniter.php(942): App\Controllers\Keranjang->update()
#6 C:\xampp\htdocs\commerce\system\CodeIgniter.php(502): CodeIgniter\CodeIgniter->runController(Object(App\Controllers\Keranjang))
#7 C:\xampp\htdocs\commerce\system\CodeIgniter.php(361): CodeIgniter\CodeIgniter->handleRequest(NULL, Object(Config\Cache), false)
#8 C:\xampp\htdocs\commerce\public\index.php(79): CodeIgniter\CodeIgniter->run()
#9 C:\xampp\htdocs\commerce\system\Commands\Server\rewrite.php(47): require_once('C:\\xampp\\htdocs...')
#10 {main}
CRITICAL - 2023-11-13 06:39:02 --> Unknown column 'jumlah_pesanan' in 'field list'
in SYSTEMPATH\Database\BaseConnection.php on line 647.
 1 SYSTEMPATH\Database\BaseBuilder.php(2475): CodeIgniter\Database\BaseConnection->query('UPDATE `product` SET `jumlah_pesanan` = :jumlah_pesanan:
WHERE `id` IS NULL', [...], false)
 2 APPPATH\Controllers\Keranjang.php(64): CodeIgniter\Database\BaseBuilder->update([...])
 3 SYSTEMPATH\CodeIgniter.php(942): App\Controllers\Keranjang->update()
 4 SYSTEMPATH\CodeIgniter.php(502): CodeIgniter\CodeIgniter->runController(Object(App\Controllers\Keranjang))
 5 SYSTEMPATH\CodeIgniter.php(361): CodeIgniter\CodeIgniter->handleRequest(null, Object(Config\Cache), false)
 6 FCPATH\index.php(79): CodeIgniter\CodeIgniter->run()
 7 SYSTEMPATH\Commands\Server\rewrite.php(47): require_once('C:\\xampp\\htdocs\\commerce\\public\\index.php')
INFO - 2023-11-13 06:39:26 --> Session: Class initialized using 'CodeIgniter\Session\Handlers\FileHandler' driver.
ERROR - 2023-11-13 06:39:30 --> mysqli_sql_exception: Unknown column 'id' in 'where clause' in C:\xampp\htdocs\commerce\system\Database\MySQLi\Connection.php:306
Stack trace:
#0 C:\xampp\htdocs\commerce\system\Database\MySQLi\Connection.php(306): mysqli->query('UPDATE `keranja...', 0)
#1 C:\xampp\htdocs\commerce\system\Database\BaseConnection.php(693): CodeIgniter\Database\MySQLi\Connection->execute('UPDATE `keranja...')
#2 C:\xampp\htdocs\commerce\system\Database\BaseConnection.php(607): CodeIgniter\Database\BaseConnection->simpleQuery('UPDATE `keranja...')
#3 C:\xampp\htdocs\commerce\system\Database\BaseBuilder.php(2475): CodeIgniter\Database\BaseConnection->query('UPDATE `keranja...', Array, false)
#4 C:\xampp\htdocs\commerce\app\Controllers\Keranjang.php(64): CodeIgniter\Database\BaseBuilder->update(Array)
#5 C:\xampp\htdocs\commerce\system\CodeIgniter.php(942): App\Controllers\Keranjang->update()
#6 C:\xampp\htdocs\commerce\system\CodeIgniter.php(502): CodeIgniter\CodeIgniter->runController(Object(App\Controllers\Keranjang))
#7 C:\xampp\htdocs\commerce\system\CodeIgniter.php(361): CodeIgniter\CodeIgniter->handleRequest(NULL, Object(Config\Cache), false)
#8 C:\xampp\htdocs\commerce\public\index.php(79): CodeIgniter\CodeIgniter->run()
#9 C:\xampp\htdocs\commerce\system\Commands\Server\rewrite.php(47): require_once('C:\\xampp\\htdocs...')
#10 {main}
CRITICAL - 2023-11-13 06:39:30 --> Unknown column 'id' in 'where clause'
in SYSTEMPATH\Database\BaseConnection.php on line 647.
 1 SYSTEMPATH\Database\BaseBuilder.php(2475): CodeIgniter\Database\BaseConnection->query('UPDATE `keranjang` SET `jumlah_pesanan` = :jumlah_pesanan:
WHERE `id` IS NULL', [...], false)
 2 APPPATH\Controllers\Keranjang.php(64): CodeIgniter\Database\BaseBuilder->update([...])
 3 SYSTEMPATH\CodeIgniter.php(942): App\Controllers\Keranjang->update()
 4 SYSTEMPATH\CodeIgniter.php(502): CodeIgniter\CodeIgniter->runController(Object(App\Controllers\Keranjang))
 5 SYSTEMPATH\CodeIgniter.php(361): CodeIgniter\CodeIgniter->handleRequest(null, Object(Config\Cache), false)
 6 FCPATH\index.php(79): CodeIgniter\CodeIgniter->run()
 7 SYSTEMPATH\Commands\Server\rewrite.php(47): require_once('C:\\xampp\\htdocs\\commerce\\public\\index.php')
INFO - 2023-11-13 06:39:46 --> Session: Class initialized using 'CodeIgniter\Session\Handlers\FileHandler' driver.
INFO - 2023-11-13 06:39:51 --> Session: Class initialized using 'CodeIgniter\Session\Handlers\FileHandler' driver.
INFO - 2023-11-13 06:40:23 --> Session: Class initialized using 'CodeIgniter\Session\Handlers\FileHandler' driver.
INFO - 2023-11-13 06:40:25 --> Session: Class initialized using 'CodeIgniter\Session\Handlers\FileHandler' driver.
INFO - 2023-11-13 06:40:35 --> Session: Class initialized using 'CodeIgniter\Session\Handlers\FileHandler' driver.
INFO - 2023-11-13 06:40:35 --> Session: Class initialized using 'CodeIgniter\Session\Handlers\FileHandler' driver.
INFO - 2023-11-13 06:41:46 --> Session: Class initialized using 'CodeIgniter\Session\Handlers\FileHandler' driver.
INFO - 2023-11-13 06:43:29 --> Session: Class initialized using 'CodeIgniter\Session\Handlers\FileHandler' driver.
INFO - 2023-11-13 06:43:34 --> Session: Class initialized using 'CodeIgniter\Session\Handlers\FileHandler' driver.
INFO - 2023-11-13 06:43:34 --> Session: Class initialized using 'CodeIgniter\Session\Handlers\FileHandler' driver.
INFO - 2023-11-13 06:44:30 --> Session: Class initialized using 'CodeIgniter\Session\Handlers\FileHandler' driver.
INFO - 2023-11-13 06:44:45 --> Session: Class initialized using 'CodeIgniter\Session\Handlers\FileHandler' driver.
INFO - 2023-11-13 06:44:53 --> Session: Class initialized using 'CodeIgniter\Session\Handlers\FileHandler' driver.
INFO - 2023-11-13 06:45:26 --> Session: Class initialized using 'CodeIgniter\Session\Handlers\FileHandler' driver.
INFO - 2023-11-13 06:45:39 --> Session: Class initialized using 'CodeIgniter\Session\Handlers\FileHandler' driver.
INFO - 2023-11-13 06:48:59 --> Session: Class initialized using 'CodeIgniter\Session\Handlers\FileHandler' driver.
INFO - 2023-11-13 06:49:05 --> Session: Class initialized using 'CodeIgniter\Session\Handlers\FileHandler' driver.
INFO - 2023-11-13 06:49:58 --> Session: Class initialized using 'CodeIgniter\Session\Handlers\FileHandler' driver.
INFO - 2023-11-13 06:50:05 --> Session: Class initialized using 'CodeIgniter\Session\Handlers\FileHandler' driver.
INFO - 2023-11-13 06:50:05 --> Session: Class initialized using 'CodeIgniter\Session\Handlers\FileHandler' driver.
INFO - 2023-11-13 06:51:30 --> Session: Class initialized using 'CodeIgniter\Session\Handlers\FileHandler' driver.
INFO - 2023-11-13 06:51:36 --> Session: Class initialized using 'CodeIgniter\Session\Handlers\FileHandler' driver.
INFO - 2023-11-13 06:51:36 --> Session: Class initialized using 'CodeIgniter\Session\Handlers\FileHandler' driver.
INFO - 2023-11-13 06:54:26 --> Session: Class initialized using 'CodeIgniter\Session\Handlers\FileHandler' driver.
INFO - 2023-11-13 06:56:35 --> Session: Class initialized using 'CodeIgniter\Session\Handlers\FileHandler' driver.
INFO - 2023-11-13 07:01:16 --> Session: Class initialized using 'CodeIgniter\Session\Handlers\FileHandler' driver.
CRITICAL - 2023-11-13 07:01:16 --> Undefined index: id_pesanan
in APPPATH\Views\FrontEnd\page\keranjang.php on line 30.
 1 APPPATH\Views\FrontEnd\page\keranjang.php(30): CodeIgniter\Debug\Exceptions->errorHandler(8, 'Undefined index: id_pesanan', 'C:\\xampp\\htdocs\\commerce\\app\\Views\\FrontEnd\\page\\keranjang.php', 30, [...])
 2 SYSTEMPATH\View\View.php(228): include('C:\\xampp\\htdocs\\commerce\\app\\Views\\FrontEnd\\page\\keranjang.php')
 3 SYSTEMPATH\View\View.php(231): CodeIgniter\View\View->CodeIgniter\View\{closure}()
 4 SYSTEMPATH\Common.php(1190): CodeIgniter\View\View->render('frontEnd/page/keranjang', [], true)
 5 APPPATH\Controllers\Keranjang.php(31): view('frontEnd/page/keranjang', [...])
 6 SYSTEMPATH\CodeIgniter.php(942): App\Controllers\Keranjang->home()
 7 SYSTEMPATH\CodeIgniter.php(502): CodeIgniter\CodeIgniter->runController(Object(App\Controllers\Keranjang))
 8 SYSTEMPATH\CodeIgniter.php(361): CodeIgniter\CodeIgniter->handleRequest(null, Object(Config\Cache), false)
 9 FCPATH\index.php(79): CodeIgniter\CodeIgniter->run()
10 SYSTEMPATH\Commands\Server\rewrite.php(47): require_once('C:\\xampp\\htdocs\\commerce\\public\\index.php')
INFO - 2023-11-13 07:02:38 --> Session: Class initialized using 'CodeIgniter\Session\Handlers\FileHandler' driver.
INFO - 2023-11-13 07:03:08 --> Session: Class initialized using 'CodeIgniter\Session\Handlers\FileHandler' driver.
INFO - 2023-11-13 07:03:42 --> Session: Class initialized using 'CodeIgniter\Session\Handlers\FileHandler' driver.
INFO - 2023-11-13 07:06:35 --> Session: Class initialized using 'CodeIgniter\Session\Handlers\FileHandler' driver.
INFO - 2023-11-13 07:08:17 --> Session: Class initialized using 'CodeIgniter\Session\Handlers\FileHandler' driver.
INFO - 2023-11-13 07:08:22 --> Session: Class initialized using 'CodeIgniter\Session\Handlers\FileHandler' driver.
INFO - 2023-11-13 07:08:23 --> Session: Class initialized using 'CodeIgniter\Session\Handlers\FileHandler' driver.
INFO - 2023-11-13 07:10:45 --> Session: Class initialized using 'CodeIgniter\Session\Handlers\FileHandler' driver.
INFO - 2023-11-13 07:14:30 --> Session: Class initialized using 'CodeIgniter\Session\Handlers\FileHandler' driver.
INFO - 2023-11-13 07:14:36 --> Session: Class initialized using 'CodeIgniter\Session\Handlers\FileHandler' driver.
ERROR - 2023-11-13 07:14:36 --> mysqli_sql_exception: You have an error in your SQL syntax; check the manual that corresponds to your MariaDB server version for the right syntax to use near '6 = :6:
WHERE `id_pesanan` = '1702435157'' at line 1 in C:\xampp\htdocs\commerce\system\Database\MySQLi\Connection.php:306
Stack trace:
#0 C:\xampp\htdocs\commerce\system\Database\MySQLi\Connection.php(306): mysqli->query('UPDATE `keranja...', 0)
#1 C:\xampp\htdocs\commerce\system\Database\BaseConnection.php(693): CodeIgniter\Database\MySQLi\Connection->execute('UPDATE `keranja...')
#2 C:\xampp\htdocs\commerce\system\Database\BaseConnection.php(607): CodeIgniter\Database\BaseConnection->simpleQuery('UPDATE `keranja...')
#3 C:\xampp\htdocs\commerce\system\Database\BaseBuilder.php(2475): CodeIgniter\Database\BaseConnection->query('UPDATE `keranja...', Array, false)
#4 C:\xampp\htdocs\commerce\app\Controllers\Keranjang.php(69): CodeIgniter\Database\BaseBuilder->update(Array)
#5 C:\xampp\htdocs\commerce\system\CodeIgniter.php(942): App\Controllers\Keranjang->update()
#6 C:\xampp\htdocs\commerce\system\CodeIgniter.php(502): CodeIgniter\CodeIgniter->runController(Object(App\Controllers\Keranjang))
#7 C:\xampp\htdocs\commerce\system\CodeIgniter.php(361): CodeIgniter\CodeIgniter->handleRequest(NULL, Object(Config\Cache), false)
#8 C:\xampp\htdocs\commerce\public\index.php(79): CodeIgniter\CodeIgniter->run()
#9 C:\xampp\htdocs\commerce\system\Commands\Server\rewrite.php(47): require_once('C:\\xampp\\htdocs...')
#10 {main}
CRITICAL - 2023-11-13 07:14:36 --> You have an error in your SQL syntax; check the manual that corresponds to your MariaDB server version for the right syntax to use near '6 = :6:
WHERE `id_pesanan` = '1702435157'' at line 1
in SYSTEMPATH\Database\BaseConnection.php on line 647.
 1 SYSTEMPATH\Database\BaseBuilder.php(2475): CodeIgniter\Database\BaseConnection->query('UPDATE `keranjang` SET 6 = :6:
WHERE `id_pesanan` = :id_pesanan:', [...], false)
 2 APPPATH\Controllers\Keranjang.php(69): CodeIgniter\Database\BaseBuilder->update([...])
 3 SYSTEMPATH\CodeIgniter.php(942): App\Controllers\Keranjang->update()
 4 SYSTEMPATH\CodeIgniter.php(502): CodeIgniter\CodeIgniter->runController(Object(App\Controllers\Keranjang))
 5 SYSTEMPATH\CodeIgniter.php(361): CodeIgniter\CodeIgniter->handleRequest(null, Object(Config\Cache), false)
 6 FCPATH\index.php(79): CodeIgniter\CodeIgniter->run()
 7 SYSTEMPATH\Commands\Server\rewrite.php(47): require_once('C:\\xampp\\htdocs\\commerce\\public\\index.php')
CRITICAL - 2023-11-13 07:17:47 --> There is no data to update.
in SYSTEMPATH\BaseModel.php on line 1726.
 1 SYSTEMPATH\BaseModel.php(1726): CodeIgniter\Database\Exceptions\DataException::forEmptyDataset('update')
 2 SYSTEMPATH\BaseModel.php(916): CodeIgniter\BaseModel->transformDataToArray(null, 'update')
 3 SYSTEMPATH\Model.php(776): CodeIgniter\BaseModel->update([...], null)
 4 APPPATH\Controllers\Keranjang.php(68): CodeIgniter\Model->update([...])
 5 SYSTEMPATH\CodeIgniter.php(942): App\Controllers\Keranjang->update()
 6 SYSTEMPATH\CodeIgniter.php(502): CodeIgniter\CodeIgniter->runController(Object(App\Controllers\Keranjang))
 7 SYSTEMPATH\CodeIgniter.php(361): CodeIgniter\CodeIgniter->handleRequest(null, Object(Config\Cache), false)
 8 FCPATH\index.php(79): CodeIgniter\CodeIgniter->run()
 9 SYSTEMPATH\Commands\Server\rewrite.php(47): require_once('C:\\xampp\\htdocs\\commerce\\public\\index.php')
INFO - 2023-11-13 07:17:50 --> Session: Class initialized using 'CodeIgniter\Session\Handlers\FileHandler' driver.
CRITICAL - 2023-11-13 07:17:54 --> There is no data to update.
in SYSTEMPATH\BaseModel.php on line 1726.
 1 SYSTEMPATH\BaseModel.php(1726): CodeIgniter\Database\Exceptions\DataException::forEmptyDataset('update')
 2 SYSTEMPATH\BaseModel.php(916): CodeIgniter\BaseModel->transformDataToArray(null, 'update')
 3 SYSTEMPATH\Model.php(776): CodeIgniter\BaseModel->update([...], null)
 4 APPPATH\Controllers\Keranjang.php(68): CodeIgniter\Model->update([...])
 5 SYSTEMPATH\CodeIgniter.php(942): App\Controllers\Keranjang->update()
 6 SYSTEMPATH\CodeIgniter.php(502): CodeIgniter\CodeIgniter->runController(Object(App\Controllers\Keranjang))
 7 SYSTEMPATH\CodeIgniter.php(361): CodeIgniter\CodeIgniter->handleRequest(null, Object(Config\Cache), false)
 8 FCPATH\index.php(79): CodeIgniter\CodeIgniter->run()
 9 SYSTEMPATH\Commands\Server\rewrite.php(47): require_once('C:\\xampp\\htdocs\\commerce\\public\\index.php')
INFO - 2023-11-13 07:18:36 --> Session: Class initialized using 'CodeIgniter\Session\Handlers\FileHandler' driver.
CRITICAL - 2023-11-13 07:18:54 --> There is no data to update.
in SYSTEMPATH\BaseModel.php on line 1726.
 1 SYSTEMPATH\BaseModel.php(1726): CodeIgniter\Database\Exceptions\DataException::forEmptyDataset('update')
 2 SYSTEMPATH\BaseModel.php(916): CodeIgniter\BaseModel->transformDataToArray(null, 'update')
 3 SYSTEMPATH\Model.php(776): CodeIgniter\BaseModel->update([...], null)
 4 APPPATH\Controllers\Keranjang.php(68): CodeIgniter\Model->update([...])
 5 SYSTEMPATH\CodeIgniter.php(942): App\Controllers\Keranjang->update()
 6 SYSTEMPATH\CodeIgniter.php(502): CodeIgniter\CodeIgniter->runController(Object(App\Controllers\Keranjang))
 7 SYSTEMPATH\CodeIgniter.php(361): CodeIgniter\CodeIgniter->handleRequest(null, Object(Config\Cache), false)
 8 FCPATH\index.php(79): CodeIgniter\CodeIgniter->run()
 9 SYSTEMPATH\Commands\Server\rewrite.php(47): require_once('C:\\xampp\\htdocs\\commerce\\public\\index.php')
INFO - 2023-11-13 07:21:07 --> Session: Class initialized using 'CodeIgniter\Session\Handlers\FileHandler' driver.
CRITICAL - 2023-11-13 07:21:19 --> There is no data to update.
in SYSTEMPATH\BaseModel.php on line 1726.
 1 SYSTEMPATH\BaseModel.php(1726): CodeIgniter\Database\Exceptions\DataException::forEmptyDataset('update')
 2 SYSTEMPATH\BaseModel.php(916): CodeIgniter\BaseModel->transformDataToArray(null, 'update')
 3 SYSTEMPATH\Model.php(776): CodeIgniter\BaseModel->update([...], null)
 4 APPPATH\Controllers\Keranjang.php(68): CodeIgniter\Model->update([...])
 5 SYSTEMPATH\CodeIgniter.php(942): App\Controllers\Keranjang->update()
 6 SYSTEMPATH\CodeIgniter.php(502): CodeIgniter\CodeIgniter->runController(Object(App\Controllers\Keranjang))
 7 SYSTEMPATH\CodeIgniter.php(361): CodeIgniter\CodeIgniter->handleRequest(null, Object(Config\Cache), false)
 8 FCPATH\index.php(79): CodeIgniter\CodeIgniter->run()
 9 SYSTEMPATH\Commands\Server\rewrite.php(47): require_once('C:\\xampp\\htdocs\\commerce\\public\\index.php')
INFO - 2023-11-13 07:22:00 --> Session: Class initialized using 'CodeIgniter\Session\Handlers\FileHandler' driver.
INFO - 2023-11-13 07:22:10 --> Session: Class initialized using 'CodeIgniter\Session\Handlers\FileHandler' driver.
CRITICAL - 2023-11-13 07:22:14 --> There is no data to update.
in SYSTEMPATH\BaseModel.php on line 1726.
 1 SYSTEMPATH\BaseModel.php(1726): CodeIgniter\Database\Exceptions\DataException::forEmptyDataset('update')
 2 SYSTEMPATH\BaseModel.php(916): CodeIgniter\BaseModel->transformDataToArray(null, 'update')
 3 SYSTEMPATH\Model.php(776): CodeIgniter\BaseModel->update([...], null)
 4 APPPATH\Controllers\Keranjang.php(68): CodeIgniter\Model->update([...])
 5 SYSTEMPATH\CodeIgniter.php(942): App\Controllers\Keranjang->update()
 6 SYSTEMPATH\CodeIgniter.php(502): CodeIgniter\CodeIgniter->runController(Object(App\Controllers\Keranjang))
 7 SYSTEMPATH\CodeIgniter.php(361): CodeIgniter\CodeIgniter->handleRequest(null, Object(Config\Cache), false)
 8 FCPATH\index.php(79): CodeIgniter\CodeIgniter->run()
 9 SYSTEMPATH\Commands\Server\rewrite.php(47): require_once('C:\\xampp\\htdocs\\commerce\\public\\index.php')
INFO - 2023-11-13 07:23:27 --> Session: Class initialized using 'CodeIgniter\Session\Handlers\FileHandler' driver.
INFO - 2023-11-13 07:23:32 --> Session: Class initialized using 'CodeIgniter\Session\Handlers\FileHandler' driver.
ERROR - 2023-11-13 07:23:32 --> mysqli_sql_exception: You have an error in your SQL syntax; check the manual that corresponds to your MariaDB server version for the right syntax to use near '6 = :6:
WHERE `id_pesanan` = '1702435157'' at line 1 in C:\xampp\htdocs\commerce\system\Database\MySQLi\Connection.php:306
Stack trace:
#0 C:\xampp\htdocs\commerce\system\Database\MySQLi\Connection.php(306): mysqli->query('UPDATE `keranja...', 0)
#1 C:\xampp\htdocs\commerce\system\Database\BaseConnection.php(693): CodeIgniter\Database\MySQLi\Connection->execute('UPDATE `keranja...')
#2 C:\xampp\htdocs\commerce\system\Database\BaseConnection.php(607): CodeIgniter\Database\BaseConnection->simpleQuery('UPDATE `keranja...')
#3 C:\xampp\htdocs\commerce\system\Database\BaseBuilder.php(2475): CodeIgniter\Database\BaseConnection->query('UPDATE `keranja...', Array, false)
#4 C:\xampp\htdocs\commerce\app\Controllers\Keranjang.php(70): CodeIgniter\Database\BaseBuilder->update(Array)
#5 C:\xampp\htdocs\commerce\system\CodeIgniter.php(942): App\Controllers\Keranjang->update()
#6 C:\xampp\htdocs\commerce\system\CodeIgniter.php(502): CodeIgniter\CodeIgniter->runController(Object(App\Controllers\Keranjang))
#7 C:\xampp\htdocs\commerce\system\CodeIgniter.php(361): CodeIgniter\CodeIgniter->handleRequest(NULL, Object(Config\Cache), false)
#8 C:\xampp\htdocs\commerce\public\index.php(79): CodeIgniter\CodeIgniter->run()
#9 C:\xampp\htdocs\commerce\system\Commands\Server\rewrite.php(47): require_once('C:\\xampp\\htdocs...')
#10 {main}
CRITICAL - 2023-11-13 07:23:32 --> You have an error in your SQL syntax; check the manual that corresponds to your MariaDB server version for the right syntax to use near '6 = :6:
WHERE `id_pesanan` = '1702435157'' at line 1
in SYSTEMPATH\Database\BaseConnection.php on line 647.
 1 SYSTEMPATH\Database\BaseBuilder.php(2475): CodeIgniter\Database\BaseConnection->query('UPDATE `keranjang` SET 6 = :6:
WHERE `id_pesanan` = :id_pesanan:', [...], false)
 2 APPPATH\Controllers\Keranjang.php(70): CodeIgniter\Database\BaseBuilder->update([...])
 3 SYSTEMPATH\CodeIgniter.php(942): App\Controllers\Keranjang->update()
 4 SYSTEMPATH\CodeIgniter.php(502): CodeIgniter\CodeIgniter->runController(Object(App\Controllers\Keranjang))
 5 SYSTEMPATH\CodeIgniter.php(361): CodeIgniter\CodeIgniter->handleRequest(null, Object(Config\Cache), false)
 6 FCPATH\index.php(79): CodeIgniter\CodeIgniter->run()
 7 SYSTEMPATH\Commands\Server\rewrite.php(47): require_once('C:\\xampp\\htdocs\\commerce\\public\\index.php')
INFO - 2023-11-13 07:27:32 --> Session: Class initialized using 'CodeIgniter\Session\Handlers\FileHandler' driver.
INFO - 2023-11-13 07:27:32 --> Session: Class initialized using 'CodeIgniter\Session\Handlers\FileHandler' driver.
INFO - 2023-11-13 07:27:40 --> Session: Class initialized using 'CodeIgniter\Session\Handlers\FileHandler' driver.
INFO - 2023-11-13 07:27:41 --> Session: Class initialized using 'CodeIgniter\Session\Handlers\FileHandler' driver.
INFO - 2023-11-13 07:31:26 --> Session: Class initialized using 'CodeIgniter\Session\Handlers\FileHandler' driver.
INFO - 2023-11-13 07:31:27 --> Session: Class initialized using 'CodeIgniter\Session\Handlers\FileHandler' driver.
INFO - 2023-11-13 07:33:32 --> Session: Class initialized using 'CodeIgniter\Session\Handlers\FileHandler' driver.
INFO - 2023-11-13 07:33:38 --> Session: Class initialized using 'CodeIgniter\Session\Handlers\FileHandler' driver.
INFO - 2023-11-13 07:33:38 --> Session: Class initialized using 'CodeIgniter\Session\Handlers\FileHandler' driver.
INFO - 2023-11-13 07:36:28 --> Session: Class initialized using 'CodeIgniter\Session\Handlers\FileHandler' driver.
CRITICAL - 2023-11-13 07:36:28 --> Undefined variable: items
in APPPATH\Views\FrontEnd\page\keranjang.php on line 28.
 1 APPPATH\Views\FrontEnd\page\keranjang.php(28): CodeIgniter\Debug\Exceptions->errorHandler(8, 'Undefined variable: items', 'C:\\xampp\\htdocs\\commerce\\app\\Views\\FrontEnd\\page\\keranjang.php', 28, [...])
 2 SYSTEMPATH\View\View.php(228): include('C:\\xampp\\htdocs\\commerce\\app\\Views\\FrontEnd\\page\\keranjang.php')
 3 SYSTEMPATH\View\View.php(231): CodeIgniter\View\View->CodeIgniter\View\{closure}()
 4 SYSTEMPATH\Common.php(1190): CodeIgniter\View\View->render('frontEnd/page/keranjang', [], true)
 5 APPPATH\Controllers\Keranjang.php(31): view('frontEnd/page/keranjang', [...])
 6 SYSTEMPATH\CodeIgniter.php(942): App\Controllers\Keranjang->home()
 7 SYSTEMPATH\CodeIgniter.php(502): CodeIgniter\CodeIgniter->runController(Object(App\Controllers\Keranjang))
 8 SYSTEMPATH\CodeIgniter.php(361): CodeIgniter\CodeIgniter->handleRequest(null, Object(Config\Cache), false)
 9 FCPATH\index.php(79): CodeIgniter\CodeIgniter->run()
10 SYSTEMPATH\Commands\Server\rewrite.php(47): require_once('C:\\xampp\\htdocs\\commerce\\public\\index.php')
INFO - 2023-11-13 07:47:56 --> Session: Class initialized using 'CodeIgniter\Session\Handlers\FileHandler' driver.
INFO - 2023-11-13 07:50:32 --> Session: Class initialized using 'CodeIgniter\Session\Handlers\FileHandler' driver.
CRITICAL - 2023-11-13 07:50:32 --> Undefined index: id_pesanan
in APPPATH\Views\FrontEnd\page\keranjang.php on line 28.
 1 APPPATH\Views\FrontEnd\page\keranjang.php(28): CodeIgniter\Debug\Exceptions->errorHandler(8, 'Undefined index: id_pesanan', 'C:\\xampp\\htdocs\\commerce\\app\\Views\\FrontEnd\\page\\keranjang.php', 28, [...])
 2 SYSTEMPATH\View\View.php(228): include('C:\\xampp\\htdocs\\commerce\\app\\Views\\FrontEnd\\page\\keranjang.php')
 3 SYSTEMPATH\View\View.php(231): CodeIgniter\View\View->CodeIgniter\View\{closure}()
 4 SYSTEMPATH\Common.php(1190): CodeIgniter\View\View->render('frontEnd/page/keranjang', [], true)
 5 APPPATH\Controllers\Keranjang.php(31): view('frontEnd/page/keranjang', [...])
 6 SYSTEMPATH\CodeIgniter.php(942): App\Controllers\Keranjang->home()
 7 SYSTEMPATH\CodeIgniter.php(502): CodeIgniter\CodeIgniter->runController(Object(App\Controllers\Keranjang))
 8 SYSTEMPATH\CodeIgniter.php(361): CodeIgniter\CodeIgniter->handleRequest(null, Object(Config\Cache), false)
 9 FCPATH\index.php(79): CodeIgniter\CodeIgniter->run()
10 SYSTEMPATH\Commands\Server\rewrite.php(47): require_once('C:\\xampp\\htdocs\\commerce\\public\\index.php')
INFO - 2023-11-13 07:51:44 --> Session: Class initialized using 'CodeIgniter\Session\Handlers\FileHandler' driver.
CRITICAL - 2023-11-13 07:51:44 --> Undefined index: id_pesanan
in APPPATH\Views\FrontEnd\page\keranjang.php on line 28.
 1 APPPATH\Views\FrontEnd\page\keranjang.php(28): CodeIgniter\Debug\Exceptions->errorHandler(8, 'Undefined index: id_pesanan', 'C:\\xampp\\htdocs\\commerce\\app\\Views\\FrontEnd\\page\\keranjang.php', 28, [...])
 2 SYSTEMPATH\View\View.php(228): include('C:\\xampp\\htdocs\\commerce\\app\\Views\\FrontEnd\\page\\keranjang.php')
 3 SYSTEMPATH\View\View.php(231): CodeIgniter\View\View->CodeIgniter\View\{closure}()
 4 SYSTEMPATH\Common.php(1190): CodeIgniter\View\View->render('frontEnd/page/keranjang', [], true)
 5 APPPATH\Controllers\Keranjang.php(31): view('frontEnd/page/keranjang', [...])
 6 SYSTEMPATH\CodeIgniter.php(942): App\Controllers\Keranjang->home()
 7 SYSTEMPATH\CodeIgniter.php(502): CodeIgniter\CodeIgniter->runController(Object(App\Controllers\Keranjang))
 8 SYSTEMPATH\CodeIgniter.php(361): CodeIgniter\CodeIgniter->handleRequest(null, Object(Config\Cache), false)
 9 FCPATH\index.php(79): CodeIgniter\CodeIgniter->run()
10 SYSTEMPATH\Commands\Server\rewrite.php(47): require_once('C:\\xampp\\htdocs\\commerce\\public\\index.php')
INFO - 2023-11-13 07:53:16 --> Session: Class initialized using 'CodeIgniter\Session\Handlers\FileHandler' driver.
INFO - 2023-11-13 07:53:31 --> Session: Class initialized using 'CodeIgniter\Session\Handlers\FileHandler' driver.
INFO - 2023-11-13 07:53:43 --> Session: Class initialized using 'CodeIgniter\Session\Handlers\FileHandler' driver.
INFO - 2023-11-13 07:56:24 --> Session: Class initialized using 'CodeIgniter\Session\Handlers\FileHandler' driver.
INFO - 2023-11-13 07:56:31 --> Session: Class initialized using 'CodeIgniter\Session\Handlers\FileHandler' driver.
INFO - 2023-11-13 08:01:12 --> Session: Class initialized using 'CodeIgniter\Session\Handlers\FileHandler' driver.
CRITICAL - 2023-11-13 08:01:12 --> Undefined variable: items
in APPPATH\Views\FrontEnd\page\keranjang.php on line 31.
 1 APPPATH\Views\FrontEnd\page\keranjang.php(31): CodeIgniter\Debug\Exceptions->errorHandler(8, 'Undefined variable: items', 'C:\\xampp\\htdocs\\commerce\\app\\Views\\FrontEnd\\page\\keranjang.php', 31, [...])
 2 SYSTEMPATH\View\View.php(228): include('C:\\xampp\\htdocs\\commerce\\app\\Views\\FrontEnd\\page\\keranjang.php')
 3 SYSTEMPATH\View\View.php(231): CodeIgniter\View\View->CodeIgniter\View\{closure}()
 4 SYSTEMPATH\Common.php(1190): CodeIgniter\View\View->render('frontEnd/page/keranjang', [], true)
 5 APPPATH\Controllers\Keranjang.php(31): view('frontEnd/page/keranjang', [...])
 6 SYSTEMPATH\CodeIgniter.php(942): App\Controllers\Keranjang->home()
 7 SYSTEMPATH\CodeIgniter.php(502): CodeIgniter\CodeIgniter->runController(Object(App\Controllers\Keranjang))
 8 SYSTEMPATH\CodeIgniter.php(361): CodeIgniter\CodeIgniter->handleRequest(null, Object(Config\Cache), false)
 9 FCPATH\index.php(79): CodeIgniter\CodeIgniter->run()
10 SYSTEMPATH\Commands\Server\rewrite.php(47): require_once('C:\\xampp\\htdocs\\commerce\\public\\index.php')
INFO - 2023-11-13 08:01:20 --> Session: Class initialized using 'CodeIgniter\Session\Handlers\FileHandler' driver.
INFO - 2023-11-13 08:01:27 --> Session: Class initialized using 'CodeIgniter\Session\Handlers\FileHandler' driver.
INFO - 2023-11-13 08:01:57 --> Session: Class initialized using 'CodeIgniter\Session\Handlers\FileHandler' driver.
INFO - 2023-11-13 08:02:25 --> Session: Class initialized using 'CodeIgniter\Session\Handlers\FileHandler' driver.
INFO - 2023-11-13 08:03:51 --> Session: Class initialized using 'CodeIgniter\Session\Handlers\FileHandler' driver.
INFO - 2023-11-13 08:04:34 --> Session: Class initialized using 'CodeIgniter\Session\Handlers\FileHandler' driver.
INFO - 2023-11-13 08:06:20 --> Session: Class initialized using 'CodeIgniter\Session\Handlers\FileHandler' driver.
INFO - 2023-11-13 08:07:20 --> Session: Class initialized using 'CodeIgniter\Session\Handlers\FileHandler' driver.
INFO - 2023-11-13 08:08:40 --> Session: Class initialized using 'CodeIgniter\Session\Handlers\FileHandler' driver.
INFO - 2023-11-13 08:10:14 --> Session: Class initialized using 'CodeIgniter\Session\Handlers\FileHandler' driver.
INFO - 2023-11-13 08:13:28 --> Session: Class initialized using 'CodeIgniter\Session\Handlers\FileHandler' driver.
INFO - 2023-11-13 08:17:52 --> Session: Class initialized using 'CodeIgniter\Session\Handlers\FileHandler' driver.
INFO - 2023-11-13 08:18:00 --> Session: Class initialized using 'CodeIgniter\Session\Handlers\FileHandler' driver.
INFO - 2023-11-13 08:18:48 --> Session: Class initialized using 'CodeIgniter\Session\Handlers\FileHandler' driver.
INFO - 2023-11-13 08:19:17 --> Session: Class initialized using 'CodeIgniter\Session\Handlers\FileHandler' driver.
INFO - 2023-11-13 08:21:34 --> Session: Class initialized using 'CodeIgniter\Session\Handlers\FileHandler' driver.
INFO - 2023-11-13 08:21:44 --> Session: Class initialized using 'CodeIgniter\Session\Handlers\FileHandler' driver.
INFO - 2023-11-13 08:24:29 --> Session: Class initialized using 'CodeIgniter\Session\Handlers\FileHandler' driver.
INFO - 2023-11-13 08:25:01 --> Session: Class initialized using 'CodeIgniter\Session\Handlers\FileHandler' driver.
INFO - 2023-11-13 08:25:32 --> Session: Class initialized using 'CodeIgniter\Session\Handlers\FileHandler' driver.
INFO - 2023-11-13 08:26:09 --> Session: Class initialized using 'CodeIgniter\Session\Handlers\FileHandler' driver.
INFO - 2023-11-13 08:27:29 --> Session: Class initialized using 'CodeIgniter\Session\Handlers\FileHandler' driver.
INFO - 2023-11-13 08:33:56 --> Session: Class initialized using 'CodeIgniter\Session\Handlers\FileHandler' driver.
INFO - 2023-11-13 08:35:20 --> Session: Class initialized using 'CodeIgniter\Session\Handlers\FileHandler' driver.
INFO - 2023-11-13 08:35:51 --> Session: Class initialized using 'CodeIgniter\Session\Handlers\FileHandler' driver.
INFO - 2023-11-13 08:37:37 --> Session: Class initialized using 'CodeIgniter\Session\Handlers\FileHandler' driver.
INFO - 2023-11-13 08:44:25 --> Session: Class initialized using 'CodeIgniter\Session\Handlers\FileHandler' driver.
INFO - 2023-11-13 08:46:42 --> Session: Class initialized using 'CodeIgniter\Session\Handlers\FileHandler' driver.
INFO - 2023-11-13 08:47:09 --> Session: Class initialized using 'CodeIgniter\Session\Handlers\FileHandler' driver.
INFO - 2023-11-13 08:47:27 --> Session: Class initialized using 'CodeIgniter\Session\Handlers\FileHandler' driver.
INFO - 2023-11-13 08:47:34 --> Session: Class initialized using 'CodeIgniter\Session\Handlers\FileHandler' driver.
INFO - 2023-11-13 08:48:57 --> Session: Class initialized using 'CodeIgniter\Session\Handlers\FileHandler' driver.
CRITICAL - 2023-11-13 08:49:00 --> Undefined variable: jumlahBaru
in APPPATH\Controllers\Keranjang.php on line 69.
 1 APPPATH\Controllers\Keranjang.php(69): CodeIgniter\Debug\Exceptions->errorHandler(8, 'Undefined variable: jumlahBaru', 'C:\\xampp\\htdocs\\commerce\\app\\Controllers\\Keranjang.php', 69, [...])
 2 SYSTEMPATH\CodeIgniter.php(942): App\Controllers\Keranjang->update()
 3 SYSTEMPATH\CodeIgniter.php(502): CodeIgniter\CodeIgniter->runController(Object(App\Controllers\Keranjang))
 4 SYSTEMPATH\CodeIgniter.php(361): CodeIgniter\CodeIgniter->handleRequest(null, Object(Config\Cache), false)
 5 FCPATH\index.php(79): CodeIgniter\CodeIgniter->run()
 6 SYSTEMPATH\Commands\Server\rewrite.php(47): require_once('C:\\xampp\\htdocs\\commerce\\public\\index.php')
ERROR - 2023-11-13 08:49:17 --> mysqli_sql_exception: Unknown column 'jumlah_pesanan' in 'field list' in C:\xampp\htdocs\commerce\system\Database\MySQLi\Connection.php:306
Stack trace:
#0 C:\xampp\htdocs\commerce\system\Database\MySQLi\Connection.php(306): mysqli->query('UPDATE `product...', 0)
#1 C:\xampp\htdocs\commerce\system\Database\BaseConnection.php(693): CodeIgniter\Database\MySQLi\Connection->execute('UPDATE `product...')
#2 C:\xampp\htdocs\commerce\system\Database\BaseConnection.php(607): CodeIgniter\Database\BaseConnection->simpleQuery('UPDATE `product...')
#3 C:\xampp\htdocs\commerce\system\Database\BaseBuilder.php(2475): CodeIgniter\Database\BaseConnection->query('UPDATE `product...', Array, false)
#4 C:\xampp\htdocs\commerce\app\Controllers\Keranjang.php(73): CodeIgniter\Database\BaseBuilder->update(Array)
#5 C:\xampp\htdocs\commerce\system\CodeIgniter.php(942): App\Controllers\Keranjang->update()
#6 C:\xampp\htdocs\commerce\system\CodeIgniter.php(502): CodeIgniter\CodeIgniter->runController(Object(App\Controllers\Keranjang))
#7 C:\xampp\htdocs\commerce\system\CodeIgniter.php(361): CodeIgniter\CodeIgniter->handleRequest(NULL, Object(Config\Cache), false)
#8 C:\xampp\htdocs\commerce\public\index.php(79): CodeIgniter\CodeIgniter->run()
#9 C:\xampp\htdocs\commerce\system\Commands\Server\rewrite.php(47): require_once('C:\\xampp\\htdocs...')
#10 {main}
CRITICAL - 2023-11-13 08:49:17 --> Unknown column 'jumlah_pesanan' in 'field list'
in SYSTEMPATH\Database\BaseConnection.php on line 647.
 1 SYSTEMPATH\Database\BaseBuilder.php(2475): CodeIgniter\Database\BaseConnection->query('UPDATE `product` SET `jumlah_pesanan` = :jumlah_pesanan:
WHERE `id` = :id:', [...], false)
 2 APPPATH\Controllers\Keranjang.php(73): CodeIgniter\Database\BaseBuilder->update([...])
 3 SYSTEMPATH\CodeIgniter.php(942): App\Controllers\Keranjang->update()
 4 SYSTEMPATH\CodeIgniter.php(502): CodeIgniter\CodeIgniter->runController(Object(App\Controllers\Keranjang))
 5 SYSTEMPATH\CodeIgniter.php(361): CodeIgniter\CodeIgniter->handleRequest(null, Object(Config\Cache), false)
 6 FCPATH\index.php(79): CodeIgniter\CodeIgniter->run()
 7 SYSTEMPATH\Commands\Server\rewrite.php(47): require_once('C:\\xampp\\htdocs\\commerce\\public\\index.php')
ERROR - 2023-11-13 08:52:06 --> mysqli_sql_exception: Unknown column 'id' in 'where clause' in C:\xampp\htdocs\commerce\system\Database\MySQLi\Connection.php:306
Stack trace:
#0 C:\xampp\htdocs\commerce\system\Database\MySQLi\Connection.php(306): mysqli->query('UPDATE `keranja...', 0)
#1 C:\xampp\htdocs\commerce\system\Database\BaseConnection.php(693): CodeIgniter\Database\MySQLi\Connection->execute('UPDATE `keranja...')
#2 C:\xampp\htdocs\commerce\system\Database\BaseConnection.php(607): CodeIgniter\Database\BaseConnection->simpleQuery('UPDATE `keranja...')
#3 C:\xampp\htdocs\commerce\system\Database\BaseBuilder.php(2475): CodeIgniter\Database\BaseConnection->query('UPDATE `keranja...', Array, false)
#4 C:\xampp\htdocs\commerce\app\Controllers\Keranjang.php(73): CodeIgniter\Database\BaseBuilder->update(Array)
#5 C:\xampp\htdocs\commerce\system\CodeIgniter.php(942): App\Controllers\Keranjang->update()
#6 C:\xampp\htdocs\commerce\system\CodeIgniter.php(502): CodeIgniter\CodeIgniter->runController(Object(App\Controllers\Keranjang))
#7 C:\xampp\htdocs\commerce\system\CodeIgniter.php(361): CodeIgniter\CodeIgniter->handleRequest(NULL, Object(Config\Cache), false)
#8 C:\xampp\htdocs\commerce\public\index.php(79): CodeIgniter\CodeIgniter->run()
#9 C:\xampp\htdocs\commerce\system\Commands\Server\rewrite.php(47): require_once('C:\\xampp\\htdocs...')
#10 {main}
CRITICAL - 2023-11-13 08:52:06 --> Unknown column 'id' in 'where clause'
in SYSTEMPATH\Database\BaseConnection.php on line 647.
 1 SYSTEMPATH\Database\BaseBuilder.php(2475): CodeIgniter\Database\BaseConnection->query('UPDATE `keranjang` SET `jumlah_pesanan` = :jumlah_pesanan:
WHERE `id` = :id:', [...], false)
 2 APPPATH\Controllers\Keranjang.php(73): CodeIgniter\Database\BaseBuilder->update([...])
 3 SYSTEMPATH\CodeIgniter.php(942): App\Controllers\Keranjang->update()
 4 SYSTEMPATH\CodeIgniter.php(502): CodeIgniter\CodeIgniter->runController(Object(App\Controllers\Keranjang))
 5 SYSTEMPATH\CodeIgniter.php(361): CodeIgniter\CodeIgniter->handleRequest(null, Object(Config\Cache), false)
 6 FCPATH\index.php(79): CodeIgniter\CodeIgniter->run()
 7 SYSTEMPATH\Commands\Server\rewrite.php(47): require_once('C:\\xampp\\htdocs\\commerce\\public\\index.php')
INFO - 2023-11-13 08:52:30 --> Session: Class initialized using 'CodeIgniter\Session\Handlers\FileHandler' driver.
INFO - 2023-11-13 08:52:35 --> Session: Class initialized using 'CodeIgniter\Session\Handlers\FileHandler' driver.
INFO - 2023-11-13 08:52:58 --> Session: Class initialized using 'CodeIgniter\Session\Handlers\FileHandler' driver.
INFO - 2023-11-13 08:53:06 --> Session: Class initialized using 'CodeIgniter\Session\Handlers\FileHandler' driver.
INFO - 2023-11-13 08:53:15 --> Session: Class initialized using 'CodeIgniter\Session\Handlers\FileHandler' driver.
INFO - 2023-11-13 08:53:20 --> Session: Class initialized using 'CodeIgniter\Session\Handlers\FileHandler' driver.
INFO - 2023-11-13 08:58:51 --> Session: Class initialized using 'CodeIgniter\Session\Handlers\FileHandler' driver.
CRITICAL - 2023-11-13 08:58:56 --> Cannot use object of type App\Models\keranjangModel as array
in APPPATH\Controllers\Keranjang.php on line 63.
 1 SYSTEMPATH\CodeIgniter.php(942): App\Controllers\Keranjang->update()
 2 SYSTEMPATH\CodeIgniter.php(502): CodeIgniter\CodeIgniter->runController(Object(App\Controllers\Keranjang))
 3 SYSTEMPATH\CodeIgniter.php(361): CodeIgniter\CodeIgniter->handleRequest(null, Object(Config\Cache), false)
 4 FCPATH\index.php(79): CodeIgniter\CodeIgniter->run()
 5 SYSTEMPATH\Commands\Server\rewrite.php(47): require_once('C:\\xampp\\htdocs\\commerce\\public\\index.php')
CRITICAL - 2023-11-13 08:59:56 --> Cannot use object of type App\Models\keranjangModel as array
in APPPATH\Controllers\Keranjang.php on line 63.
 1 SYSTEMPATH\CodeIgniter.php(942): App\Controllers\Keranjang->update()
 2 SYSTEMPATH\CodeIgniter.php(502): CodeIgniter\CodeIgniter->runController(Object(App\Controllers\Keranjang))
 3 SYSTEMPATH\CodeIgniter.php(361): CodeIgniter\CodeIgniter->handleRequest(null, Object(Config\Cache), false)
 4 FCPATH\index.php(79): CodeIgniter\CodeIgniter->run()
 5 SYSTEMPATH\Commands\Server\rewrite.php(47): require_once('C:\\xampp\\htdocs\\commerce\\public\\index.php')
INFO - 2023-11-13 08:59:58 --> Session: Class initialized using 'CodeIgniter\Session\Handlers\FileHandler' driver.
CRITICAL - 2023-11-13 09:00:03 --> Cannot use object of type App\Models\keranjangModel as array
in APPPATH\Controllers\Keranjang.php on line 63.
 1 SYSTEMPATH\CodeIgniter.php(942): App\Controllers\Keranjang->update()
 2 SYSTEMPATH\CodeIgniter.php(502): CodeIgniter\CodeIgniter->runController(Object(App\Controllers\Keranjang))
 3 SYSTEMPATH\CodeIgniter.php(361): CodeIgniter\CodeIgniter->handleRequest(null, Object(Config\Cache), false)
 4 FCPATH\index.php(79): CodeIgniter\CodeIgniter->run()
 5 SYSTEMPATH\Commands\Server\rewrite.php(47): require_once('C:\\xampp\\htdocs\\commerce\\public\\index.php')
CRITICAL - 2023-11-13 09:00:31 --> Function name must be a string
in APPPATH\Controllers\Keranjang.php on line 63.
 1 SYSTEMPATH\CodeIgniter.php(942): App\Controllers\Keranjang->update()
 2 SYSTEMPATH\CodeIgniter.php(502): CodeIgniter\CodeIgniter->runController(Object(App\Controllers\Keranjang))
 3 SYSTEMPATH\CodeIgniter.php(361): CodeIgniter\CodeIgniter->handleRequest(null, Object(Config\Cache), false)
 4 FCPATH\index.php(79): CodeIgniter\CodeIgniter->run()
 5 SYSTEMPATH\Commands\Server\rewrite.php(47): require_once('C:\\xampp\\htdocs\\commerce\\public\\index.php')
INFO - 2023-11-13 09:00:38 --> Session: Class initialized using 'CodeIgniter\Session\Handlers\FileHandler' driver.
INFO - 2023-11-13 09:05:33 --> Session: Class initialized using 'CodeIgniter\Session\Handlers\FileHandler' driver.
INFO - 2023-11-13 09:07:54 --> Session: Class initialized using 'CodeIgniter\Session\Handlers\FileHandler' driver.
INFO - 2023-11-13 09:08:16 --> Session: Class initialized using 'CodeIgniter\Session\Handlers\FileHandler' driver.
INFO - 2023-11-13 09:09:01 --> Session: Class initialized using 'CodeIgniter\Session\Handlers\FileHandler' driver.
INFO - 2023-11-13 09:19:30 --> Session: Class initialized using 'CodeIgniter\Session\Handlers\FileHandler' driver.
INFO - 2023-11-13 09:20:03 --> Session: Class initialized using 'CodeIgniter\Session\Handlers\FileHandler' driver.
INFO - 2023-11-13 09:20:08 --> Session: Class initialized using 'CodeIgniter\Session\Handlers\FileHandler' driver.
INFO - 2023-11-13 09:20:39 --> Session: Class initialized using 'CodeIgniter\Session\Handlers\FileHandler' driver.
INFO - 2023-11-13 09:20:48 --> Session: Class initialized using 'CodeIgniter\Session\Handlers\FileHandler' driver.
INFO - 2023-11-13 09:21:40 --> Session: Class initialized using 'CodeIgniter\Session\Handlers\FileHandler' driver.
INFO - 2023-11-13 09:23:06 --> Session: Class initialized using 'CodeIgniter\Session\Handlers\FileHandler' driver.
INFO - 2023-11-13 09:30:01 --> Session: Class initialized using 'CodeIgniter\Session\Handlers\FileHandler' driver.
CRITICAL - 2023-11-13 09:33:33 --> syntax error, unexpected '$data' (T_VARIABLE), expecting '('
in APPPATH\Controllers\Keranjang.php on line 82.
 1 SYSTEMPATH\Autoloader\Autoloader.php(291): CodeIgniter\Autoloader\Autoloader->includeFile('C:\\xampp\\htdocs\\commerce\\app\\Controllers\\Keranjang.php')
 2 SYSTEMPATH\Autoloader\Autoloader.php(269): CodeIgniter\Autoloader\Autoloader->loadInNamespace('App\\Controllers\\Keranjang')
 3 [internal function]: CodeIgniter\Autoloader\Autoloader->loadClass('App\\Controllers\\Keranjang')
 4 [internal function]: spl_autoload_call('App\\Controllers\\Keranjang')
 5 SYSTEMPATH\CodeIgniter.php(900): class_exists('\\App\\Controllers\\Keranjang', true)
 6 SYSTEMPATH\CodeIgniter.php(489): CodeIgniter\CodeIgniter->startController()
 7 SYSTEMPATH\CodeIgniter.php(361): CodeIgniter\CodeIgniter->handleRequest(null, Object(Config\Cache), false)
 8 FCPATH\index.php(79): CodeIgniter\CodeIgniter->run()
 9 SYSTEMPATH\Commands\Server\rewrite.php(47): require_once('C:\\xampp\\htdocs\\commerce\\public\\index.php')
CRITICAL - 2023-11-13 09:34:42 --> Invalid argument supplied for foreach()
in APPPATH\Controllers\Keranjang.php on line 82.
 1 APPPATH\Controllers\Keranjang.php(82): CodeIgniter\Debug\Exceptions->errorHandler(2, 'Invalid argument supplied for foreach()', 'C:\\xampp\\htdocs\\commerce\\app\\Controllers\\Keranjang.php', 82, [...])
 2 SYSTEMPATH\CodeIgniter.php(942): App\Controllers\Keranjang->Checkout()
 3 SYSTEMPATH\CodeIgniter.php(502): CodeIgniter\CodeIgniter->runController(Object(App\Controllers\Keranjang))
 4 SYSTEMPATH\CodeIgniter.php(361): CodeIgniter\CodeIgniter->handleRequest(null, Object(Config\Cache), false)
 5 FCPATH\index.php(79): CodeIgniter\CodeIgniter->run()
 6 SYSTEMPATH\Commands\Server\rewrite.php(47): require_once('C:\\xampp\\htdocs\\commerce\\public\\index.php')
INFO - 2023-11-13 09:35:53 --> Session: Class initialized using 'CodeIgniter\Session\Handlers\FileHandler' driver.
INFO - 2023-11-13 09:36:17 --> Session: Class initialized using 'CodeIgniter\Session\Handlers\FileHandler' driver.
CRITICAL - 2023-11-13 09:45:51 --> Invalid argument supplied for foreach()
in APPPATH\Views\FrontEnd\page\checkout.php on line 5.
 1 APPPATH\Views\FrontEnd\page\checkout.php(5): CodeIgniter\Debug\Exceptions->errorHandler(2, 'Invalid argument supplied for foreach()', 'C:\\xampp\\htdocs\\commerce\\app\\Views\\FrontEnd\\page\\checkout.php', 5, [...])
 2 SYSTEMPATH\View\View.php(228): include('C:\\xampp\\htdocs\\commerce\\app\\Views\\FrontEnd\\page\\checkout.php')
 3 SYSTEMPATH\View\View.php(231): CodeIgniter\View\View->CodeIgniter\View\{closure}()
 4 SYSTEMPATH\Common.php(1190): CodeIgniter\View\View->render('frontEnd/page/checkout', [], true)
 5 APPPATH\Controllers\Keranjang.php(82): view('frontEnd/page/checkout', [...])
 6 SYSTEMPATH\CodeIgniter.php(942): App\Controllers\Keranjang->Checkout()
 7 SYSTEMPATH\CodeIgniter.php(502): CodeIgniter\CodeIgniter->runController(Object(App\Controllers\Keranjang))
 8 SYSTEMPATH\CodeIgniter.php(361): CodeIgniter\CodeIgniter->handleRequest(null, Object(Config\Cache), false)
 9 FCPATH\index.php(79): CodeIgniter\CodeIgniter->run()
10 SYSTEMPATH\Commands\Server\rewrite.php(47): require_once('C:\\xampp\\htdocs\\commerce\\public\\index.php')
CRITICAL - 2023-11-13 09:54:15 --> Undefined variable: id
in APPPATH\Views\FrontEnd\page\checkout.php on line 5.
 1 APPPATH\Views\FrontEnd\page\checkout.php(5): CodeIgniter\Debug\Exceptions->errorHandler(8, 'Undefined variable: id', 'C:\\xampp\\htdocs\\commerce\\app\\Views\\FrontEnd\\page\\checkout.php', 5, [])
 2 SYSTEMPATH\View\View.php(228): include('C:\\xampp\\htdocs\\commerce\\app\\Views\\FrontEnd\\page\\checkout.php')
 3 SYSTEMPATH\View\View.php(231): CodeIgniter\View\View->CodeIgniter\View\{closure}()
 4 SYSTEMPATH\Common.php(1190): CodeIgniter\View\View->render('frontEnd/page/checkout', [], true)
 5 APPPATH\Controllers\Keranjang.php(78): view('frontEnd/page/checkout')
 6 SYSTEMPATH\CodeIgniter.php(942): App\Controllers\Keranjang->Checkout()
 7 SYSTEMPATH\CodeIgniter.php(502): CodeIgniter\CodeIgniter->runController(Object(App\Controllers\Keranjang))
 8 SYSTEMPATH\CodeIgniter.php(361): CodeIgniter\CodeIgniter->handleRequest(null, Object(Config\Cache), false)
 9 FCPATH\index.php(79): CodeIgniter\CodeIgniter->run()
10 SYSTEMPATH\Commands\Server\rewrite.php(47): require_once('C:\\xampp\\htdocs\\commerce\\public\\index.php')
INFO - 2023-11-13 10:08:59 --> Session: Class initialized using 'CodeIgniter\Session\Handlers\FileHandler' driver.
INFO - 2023-11-13 10:09:04 --> Session: Class initialized using 'CodeIgniter\Session\Handlers\FileHandler' driver.
INFO - 2023-11-13 10:09:14 --> Session: Class initialized using 'CodeIgniter\Session\Handlers\FileHandler' driver.
